time,static_pressure,total_pressure
0.0,83387.5,83388.38813006267
0.01,83387.3,83390.85251335113
0.02,83387.0,83394.99722188147
0.03,83386.5,83400.72085066242
0.04,83385.90000000001,83408.13017869538
0.05,83385.2,83417.2210613753
0.060000000000000005,83384.3,83427.89339150883
0.07,83383.3,83440.25802645685
0.08,83382.2,83454.30669047504
0.09,83381.0,83470.039282241
0.09999999999999999,83379.6,83487.35558538504
0.10999999999999999,83378.09999999999,83506.37192420258
0.11999999999999998,83376.4,83526.99211569774
0.12999999999999998,83374.59999999999,83549.28197870865
0.13999999999999999,83372.7,83573.27821635363
0.15,83370.8,83597.18765606522
0.159,83368.9,83621.00193025915
0.168,83365.9,83659.16486108923
0.18100000000000002,83360.90000000001,83721.80731591574
0.201,83352.4,83827.97164345448
0.231,83337.5,84014.77436216657
0.276,83317.6,84264.12650075392
0.326,83294.4,84555.33853741616
0.376,83267.9,84888.35665326532
0.426,83238.09999999999,85263.3236328044
0.476,83204.9,85676.66004863632
0.526,83168.4,86121.84685488931
0.5760000000000001,83128.8,86596.26992109939
0.6260000000000001,83086.0,87097.28369735435
0.6760000000000002,83040.09999999999,87622.5652880469
0.7260000000000002,82991.09999999999,88169.31807007811
0.7760000000000002,82939.20000000001,88735.56538808426
0.8260000000000003,82884.40000000001,89320.83971400221
0.8760000000000003,82826.70000000001,89924.11740237214
0.9260000000000004,82766.2,90543.55477956822
0.9760000000000004,82702.9,91176.94615387131
1.0260000000000005,82636.90000000001,91822.71462539275
1.0760000000000005,82568.3,92478.91180795972
1.1260000000000006,82497.1,93143.47481413046
1.1760000000000006,82423.29999999999,93814.64389917292
1.2260000000000006,82347.0,94490.65068374481
1.2760000000000007,82268.3,95169.74888385611
1.3260000000000007,82187.2,95851.61527985845
1.3760000000000008,82103.8,96537.78193417491
1.4260000000000008,82018.1,97227.17395703726
1.4760000000000009,81930.1,97918.39510916194
1.526000000000001,81839.9,98610.1723503582
1.576000000000001,81747.5,99301.31629914684
1.626000000000001,81653.0,99990.58688088928
1.676000000000001,81556.4,100676.83591494322
1.726000000000001,81457.8,101358.85908354152
1.7760000000000011,81357.1,102035.63709068147
1.8260000000000012,81254.5,102705.92449683046
1.8760000000000012,81150.0,103368.87532861243
1.9260000000000013,81043.6,104023.0351459634
1.9760000000000013,80935.40000000001,104667.51361587373
2.026000000000001,80825.40000000001,105301.3275336666
2.076000000000001,80713.7,105923.64753964875
2.126000000000001,80600.3,106533.09034471543
2.1760000000000006,80485.29999999999,107128.86959080998
2.2260000000000004,80368.6,107710.21225142173
2.2760000000000002,80250.40000000001,108276.05283929156
2.326,80130.7,108825.80469883734
2.376,80009.5,109358.1907054992
2.4259999999999997,79886.90000000001,109873.05864438412
2.4759999999999995,79763.0,110369.0661161594
2.5259999999999994,79637.7,110845.86622704005
2.575999999999999,79511.1,111302.66382958686
2.625999999999999,79388.8,111746.00324740613
2.675999999999999,79266.09999999999,112169.33970152416
2.7259999999999986,79142.4,112571.03412315116
2.7759999999999985,79017.6,112950.12960058545
2.8259999999999983,78891.9,113306.88375724785
2.875999999999998,78765.20000000001,113640.40251690656
2.925999999999998,78637.59999999999,113950.35139246946
2.9759999999999978,78509.1,114215.74855873114
3.0259999999999976,78380.0,114314.27332122024
3.0759999999999974,78250.59999999999,114250.68418882461
3.1259999999999972,78121.0,114098.44395319762
3.175999999999997,77991.5,113863.82408582936
3.225999999999997,77862.09999999999,113547.61813491583
3.2759999999999967,77733.1,113151.57198644316
3.3259999999999965,77669.4,112926.20780371487
3.3509999999999964,77574.1,112575.28393254658
3.3879999999999963,77446.2,112106.51556084945
3.437999999999996,77318.8,111641.99959037258
3.487999999999996,77192.0,111182.09512318872
3.537999999999996,77065.7,110726.36985048806
3.5879999999999956,76939.9,110275.0449874739
3.6379999999999955,76814.59999999999,109827.82794746356
3.6879999999999953,76689.9,109384.81942628942
3.737999999999995,76565.7,108945.85080208175
3.787999999999995,76442.0,108511.13889328588
3.8379999999999947,76318.8,108080.14919746362
3.8879999999999946,76196.2,107653.4812495605
3.9379999999999944,76074.0,107230.33942938247
3.987999999999994,75952.4,106811.20689094797
4.037999999999994,75831.2,106396.0290357265
4.087999999999994,75710.6,105984.55177254383
4.137999999999994,75590.4,105576.48268780546
4.1879999999999935,75470.8,105172.53795603575
4.237999999999993,75351.59999999999,104771.70446218044
4.287999999999993,75232.9,104374.80202995916
4.337999999999993,75114.8,103981.22086033628
4.387999999999993,74997.1,103591.14463417741
4.437999999999993,74879.9,103204.4417963959
4.487999999999992,74763.09999999999,102820.95609882266
4.537999999999992,74648.6,102443.135463929
4.587999999999992,74538.59999999999,102073.79973272975
4.637999999999992,74429.0,101707.35058411844
4.687999999999992,74319.8,101344.22155321387
4.7379999999999916,74211.1,100984.06289770182
4.787999999999991,74102.9,100627.07844551104
4.837999999999991,73995.1,100273.11529746676
4.887999999999991,73887.7,99921.92793755895
4.937999999999991,73780.7,99573.93892247543
4.987999999999991,73674.2,99228.81008741441
5.0379999999999905,73568.1,98886.61239499899
5.08799999999999,73462.5,98547.23328115809
5.13799999999999,73357.3,98210.52566561356
5.18799999999999,73252.5,97876.68607518406
5.23799999999999,73148.1,97545.6924294915
5.28799999999999,73044.2,97217.22330278603
5.337999999999989,72940.59999999999,96891.43388914572
5.387999999999989,72837.5,96568.34501835454
5.437999999999989,72734.79999999999,96247.81173598985
5.487999999999989,72632.5,95929.81601514848
5.537999999999989,72530.6,95614.3399578746
5.5879999999999885,72429.2,95301.69800189722
5.637999999999988,72328.09999999999,94991.00125577289
5.687999999999988,72227.5,94683.10306001888
5.737999999999988,72127.20000000001,94377.52884364288
5.787999999999988,72027.4,94074.30908581676
5.837999999999988,71928.0,93773.50597317531
5.8879999999999875,71828.9,93474.97807600365
5.937999999999987,71730.3,93178.75816871278
5.987999999999987,71632.0,92884.78221159778
6.037999999999987,71534.2,92593.28176553785
6.087999999999987,71436.7,92303.9924103043
6.137999999999987,71339.70000000001,92016.94993642777
6.187999999999986,71243.0,91732.08816827084
6.237999999999986,71146.7,91449.32126675193
6.287999999999986,71050.8,91168.82838873411
6.337999999999986,70955.3,90890.40222841772
6.387999999999986,70860.2,90614.22017349921
6.4379999999999855,70765.4,90339.9546814348
6.487999999999985,70671.0,90067.7157319762
6.537999999999985,70577.09999999999,89797.80013756703
6.587999999999985,70483.4,89529.45328811876
6.637999999999985,70390.20000000001,89263.40277168335
6.687999999999985,70297.29999999999,88999.20512169445
6.7379999999999844,70204.8,88737.15354000728
6.787999999999984,70112.7,88476.86749686737
6.837999999999984,70025.40000000001,88223.84536834239
6.887999999999984,69938.59999999999,87973.03646109397
6.937999999999984,69852.09999999999,87723.82427313228
6.987999999999984,69766.0,87476.49988168832
7.037999999999983,69680.3,87231.05158114662
7.087999999999983,69594.9,86987.34750723955
7.137999999999983,69509.79999999999,86745.37658398223
7.187999999999983,69425.09999999999,86505.07219950439
7.237999999999983,69340.7,86266.65512000392
7.2879999999999825,69256.7,86029.88390893431
7.337999999999982,69173.0,85794.80336839399
7.387999999999982,69089.59999999999,85561.40276338377
7.437999999999982,69006.6,85329.61940723124
7.487999999999982,68923.90000000001,85099.49613633075
7.537999999999982,68841.5,84871.02241047817
7.587999999999981,68759.5,84644.306464336
7.637999999999981,68677.8,84419.2188923502
7.687999999999981,68596.5,84195.70084155527
7.737999999999981,68515.4,83973.5075768947
7.787999999999981,68434.7,83753.19859480372
7.8379999999999805,68354.4,83534.26750910154
7.88799999999998,68274.3,83316.8003015953
7.93799999999998,68194.6,83101.02275852795
7.98799999999998,68115.20000000001,82886.6449447989
8.03799999999998,68036.1,82673.82055662031
8.087999999999981,67957.4,82462.49666028882
8.137999999999982,67878.9,82252.4311700368
8.187999999999983,67800.8,82044.0099379938
8.237999999999984,67723.0,81836.94803082114
8.287999999999984,67645.6,81631.35494366892
8.337999999999985,67568.4,81427.14623830092
8.387999999999986,67491.6,81224.23454470377
8.437999999999986,67415.0,81022.69164524645
8.487999999999987,67338.8,80822.7409442573
8.537999999999988,67262.90000000001,80623.95006942237
8.587999999999989,67187.3,80426.46684546486
8.63799999999999,67112.09999999999,80230.5518779896
8.68799999999999,67037.09999999999,80035.81320532321
8.73799999999999,66962.40000000001,79842.2097017121
8.787999999999991,66888.09999999999,79650.15116775186
8.837999999999992,66814.0,79459.24881493177
8.887999999999993,66740.3,79269.72666632618
8.937999999999994,66666.9,79081.60976936259
8.987999999999994,66593.8,78894.59628423952
9.037999999999995,66520.9,78708.85842403876
9.087999999999996,66448.40000000001,78524.32718365286
9.137999999999996,66376.2,78341.17177672083
9.187999999999997,66304.3,78159.0964196009
9.237999999999998,66232.7,77978.38243111211
9.287999999999998,66161.40000000001,77798.73701480658
9.338,66090.4,77620.29729208795
9.388,66019.6,77443.08352826282
9.438,65949.2,77267.03549572885
9.488000000000001,65879.1,77092.17413262169
9.538000000000002,65809.3,76918.4931692171
9.588000000000003,65741.0,76747.21122887506
9.638000000000003,65675.2,76579.7288922846
9.688000000000004,65609.79999999999,76413.37771464667
9.738000000000005,65544.6,76248.06268671445
9.788000000000006,65479.700000000004,76083.89123026177
9.838000000000006,65415.1,75920.72297127525
9.888000000000007,65350.8,75758.82140593085
9.938000000000008,65286.7,75597.79972838955
9.988000000000008,65222.9,75437.76707738162
10.03800000000001,65159.40000000001,75278.85128787148
10.08800000000001,65096.2,75121.04652236137
10.13800000000001,65033.2,74964.23461171961
10.188000000000011,64970.50000000001,74808.39267371425
10.238000000000012,64908.1,74653.51695106165
10.288000000000013,64845.899999999994,74499.74838198206
10.338000000000013,64784.0,74346.93614767796
10.388000000000014,64722.4,74195.07655560893
10.438000000000015,64661.0,74044.18058845127
10.488000000000016,64599.9,73894.35459605043
10.538000000000016,64539.1,73745.46789144288
10.588000000000017,64478.59999999999,73597.6413371796
10.638000000000018,64418.3,73450.63423092835
10.688000000000018,64358.2,73304.56649200173
10.738000000000019,64298.5,73159.53270809237
10.78800000000002,64239.0,73015.42886026819
10.83800000000002,64179.8,72872.23949889082
10.888000000000021,64120.799999999996,72729.97093104968
10.938000000000022,64062.1,72588.60881953155
10.988000000000023,64003.59999999999,72448.15845043579
11.038000000000023,63945.399999999994,72308.60659137231
11.088000000000024,63887.5,72170.0680123214
11.138000000000025,63829.8,72032.30949013907
11.188000000000025,63772.4,71895.43823707319
11.238000000000026,63715.3,71759.56723754188
11.288000000000027,63658.399999999994,71624.46544863524
11.338000000000028,63601.700000000004,71490.12981684564
11.388000000000028,63545.299999999996,71356.78178238223
11.438000000000029,63489.200000000004,71224.30232026718
11.48800000000003,63433.299999999996,71092.69170682727
11.53800000000003,63377.700000000004,70961.9421187905
11.588000000000031,63322.4,70832.05032138103
11.638000000000032,63267.3,70702.9035789437
11.688000000000033,63212.4,70574.49894627296
11.738000000000033,63157.799999999996,70447.05319488989
11.788000000000034,63103.4,70320.34235648287
11.838000000000035,63049.4,70194.58188454618
11.888000000000035,62995.50000000001,70069.5497142073
11.938000000000036,62941.9,69945.2434538644
11.988000000000037,62888.6,69821.8766257751
12.038000000000038,62835.5,69699.22869322031
12.088000000000038,62782.600000000006,69577.29682881839
12.138000000000039,62729.99999999999,69456.18690018258
12.18800000000004,62677.700000000004,69336.00101153787
12.23800000000004,62625.6,69216.41674512207
12.288000000000041,62573.7,69097.64105802805
12.338000000000042,62522.1,68979.67440757496
12.388000000000043,62470.7,68862.40552772723
12.438000000000043,62419.600000000006,68746.0422173331
12.488000000000044,62368.799999999996,68630.37631717723
12.538000000000045,62318.100000000006,68515.39287670342
12.588000000000045,62267.700000000004,68401.20306643653
12.638000000000046,62217.600000000006,68287.80398124932
12.688000000000047,62167.700000000004,68175.08490589392
12.738000000000048,62118.100000000006,68063.15093955837
12.788000000000048,62068.700000000004,67951.89154444281
12.838000000000049,62019.50000000001,67841.30409484297
12.88800000000005,61970.6,67731.49350442846
12.93800000000005,61921.90000000001,67622.44631289157
12.988000000000051,61873.4,67513.96575783024
13.038000000000052,61825.2,67406.25393019855
13.088000000000052,61777.3,67299.40324706095
13.138000000000053,61729.600000000006,67193.11284168257
13.188000000000054,61682.100000000006,67087.47590969146
13.238000000000055,61635.1,66982.90459606134
13.288000000000055,61590.5,66881.24019482524
13.338000000000056,61546.2,66780.32513084692
13.388000000000057,61502.0,66679.94310127465
13.438000000000057,61458.1,66580.3968566199
13.488000000000058,61414.4,66481.39356098029
13.538000000000059,61371.0,66383.12941971062
13.58800000000006,61327.700000000004,66285.3887237853
13.63800000000006,61284.7,66188.29280983034
13.688000000000061,61241.9,66091.91202590971
13.738000000000062,61199.3,65996.15405496077
13.788000000000062,61157.00000000001,65901.0349299505
13.838000000000063,61114.9,65806.6221461886
13.888000000000064,61073.0,65712.73810774973
13.938000000000065,61031.299999999996,65619.46835121991
13.988000000000065,60989.8,65526.81054573233
14.038000000000066,60948.6,65434.868331491154
14.088000000000067,60907.600000000006,65343.53331262326
14.138000000000067,60866.8,65252.718857721455
14.188000000000068,60826.2,65162.50801432046
14.238000000000069,60785.799999999996,65072.98183432679
14.28800000000007,60745.7,64984.07653239327
14.33800000000007,60705.700000000004,64895.579981149785
14.388000000000071,60666.0,64807.866343075024
14.438000000000072,60626.6,64720.850363062105
14.488000000000072,60587.3,64634.237958131576
14.538000000000073,60548.2,64548.214278710926
14.588000000000074,60509.40000000001,64462.882403424526
14.638000000000075,60470.799999999996,64378.05533413714
14.688000000000075,60432.399999999994,64293.89014447371
14.738000000000076,60394.2,64210.22636112871
14.788000000000077,60356.299999999996,64127.246257445346
14.838000000000077,60318.49999999999,64044.737493583125
14.888000000000078,60280.99999999999,63962.90797746401
14.938000000000079,60243.600000000006,63881.4691301975
14.98800000000008,60206.50000000001,63800.70609829303
15.03800000000008,60169.7,63720.61658688881
15.088000000000081,60133.00000000001,63640.91381362345
15.138000000000082,60096.5,63561.8510837597
15.188000000000082,60060.299999999996,63483.38128319974
15.238000000000083,60024.2,63405.368087287236
15.288000000000084,59988.4,63327.94543306887
15.338000000000084,59952.8,63251.080731815164
15.388000000000085,59917.399999999994,63174.771917060425
15.438000000000086,59882.2,63098.94518371128
15.488000000000087,59847.2,63023.74244783137
15.538000000000087,59812.5,62949.052071436054
15.588000000000088,59777.9,62874.87732104978
15.638000000000089,59743.600000000006,62801.283449212635
15.68800000000009,59709.5,62728.235008272924
15.73800000000009,59675.6,62655.72999159425
15.78800000000009,59641.9,62583.69790005985
15.838000000000092,59608.399999999994,62512.13812362241
15.888000000000092,59575.1,62441.18522139436
15.938000000000093,59541.99999999999,62370.701592402096
15.988000000000094,59509.1,62300.7533105885
16.038000000000093,59476.5,62231.37595269012
16.088000000000093,59444.00000000001,62162.42714294187
16.138000000000094,59411.8,62094.04708376189
16.188000000000095,59379.8,62026.196301906246
16.238000000000095,59348.0,61958.87286868533
16.288000000000096,59316.3,61891.90739346841
16.338000000000097,59284.9,61825.569895788816
16.388000000000098,59253.700000000004,61759.69185025883
16.4380000000001,59222.7,61694.33531151302
16.4880000000001,59191.99999999999,61629.601723020554
16.5380000000001,59161.4,61565.22076882728
16.5880000000001,59130.99999999999,61501.35656201104
16.6380000000001,59100.9,61438.04960382517
16.688000000000102,59070.899999999994,61375.153303052735
16.738000000000103,59041.200000000004,61312.812217749204
16.788000000000103,59011.6,61250.879057378515
16.838000000000104,58982.299999999996,61189.49910109602
16.888000000000105,58953.09999999999,61128.52435992076
16.938000000000105,58924.2,61068.10083311926
16.988000000000106,58895.50000000001,61008.18273886799
17.038000000000107,58866.99999999999,60948.76826505227
17.088000000000108,58838.7,60889.798722159714
17.13800000000011,58810.6,60831.273616251994
17.18800000000011,58782.7,60773.24847455468
17.23800000000011,58754.99999999999,60715.66592608975
17.28800000000011,58727.5,60658.58064222359
17.33800000000011,58700.2,60601.93612773856
17.388000000000112,58673.1,60545.786201518866
17.438000000000113,58646.2,60490.07524062108
17.488000000000113,58619.50000000001,60434.85621479416
17.538000000000114,58592.99999999999,60380.07436991276
17.588000000000115,58566.8,60325.88426206334
17.638000000000115,58540.700000000004,60272.02710089039
17.688000000000116,58514.8,60218.656637614855
17.738000000000117,58489.200000000004,60165.82216664387
17.788000000000117,58463.7,60113.318567498485
17.838000000000118,58438.4,60061.29822028949
17.88800000000012,58413.4,60009.86163658384
17.93800000000012,58388.5,59958.70342445242
17.98800000000012,58363.8,59908.0742614401
18.03800000000012,58339.4,59857.92697851828
18.08800000000012,58315.1,59808.20324248892
18.138000000000122,58291.09999999999,59758.96048595908
18.188000000000123,58267.200000000004,59710.09048724477
18.238000000000124,58243.600000000006,59661.79563261951
18.288000000000125,58220.100000000006,59613.82360269329
18.338000000000125,58196.90000000001,59566.37790952167
18.388000000000126,58173.8,59519.30017567082
18.438000000000127,58151.0,59472.747097911095
18.488000000000127,58128.3,59426.51457550785
18.538000000000128,58105.8,59380.74871901831
18.58800000000013,58083.6,59335.54965691354
18.63800000000013,58061.5,59290.62465771148
18.68800000000013,58039.700000000004,59246.26481979046
18.73800000000013,58017.99999999999,59202.26514566243
18.78800000000013,57996.6,59158.784808562785
18.838000000000132,57975.3,59115.620172080984
18.888000000000133,57954.200000000004,59072.87253125353
18.938000000000134,57933.399999999994,59030.6844116878
18.988000000000135,57912.7,58988.8511452761
19.038000000000135,57892.200000000004,58947.39166071578
19.088000000000136,57872.0,58906.48853777834
19.138000000000137,57851.9,58865.89757347136
19.188000000000137,57832.00000000001,58825.75922745032
19.238000000000138,57812.4,58786.13440302862
19.28800000000014,57792.899999999994,58746.82001657375
19.33800000000014,57773.6,58707.955245126854
19.38800000000014,57754.49999999999,58669.50085130564
19.43800000000014,57735.6,58631.45651728055
19.48800000000014,57717.49999999999,58594.46621773509
19.538000000000142,57700.0,58558.28905912213
19.588000000000143,57682.7,58522.51971658537
19.638000000000144,57665.5,58487.0567407312
19.688000000000144,57648.5,58452.036354136726
19.738000000000145,57631.799999999996,58417.52326313534
19.788000000000146,57615.200000000004,58383.34946635871
19.838000000000147,57598.7,58349.44532320787
19.888000000000147,57582.50000000001,58316.08132705732
19.938000000000148,57566.5,58283.15493450105
19.98800000000015,57550.6,58250.497835948896
20.03800000000015,57535.0,58218.37801778318
20.08800000000015,57519.50000000001,58186.55993945085
20.13800000000015,57504.200000000004,58155.144323248416
20.18800000000015,57489.1,58124.162266756975
20.238000000000152,57474.1,58093.48049806807
20.288000000000153,57459.40000000001,58063.30053202179
20.338000000000154,57444.799999999996,58033.42039552704
20.388000000000154,57430.49999999999,58004.071311280626
20.438000000000155,57416.3,57975.02082716342
20.488000000000156,57402.3,57946.3695336342
20.538000000000157,57388.4,57918.01644732621
20.588000000000157,57374.8,57890.191075442424
20.638000000000158,57361.4,57862.73557960036
20.68800000000016,57348.1,57835.605107102776
20.73800000000016,57335.0,57808.89899432491
20.78800000000016,57322.1,57782.56251650385
20.83800000000016,57309.40000000001,57756.64918491808
20.88800000000016,57296.90000000001,57731.13172853293
20.938000000000162,57284.5,57705.9093417213
20.988000000000163,57272.4,57681.1830268567
21.038000000000164,57260.4,57656.77613912858
21.088000000000164,57248.6,57632.76356730326
21.138000000000165,57237.0,57609.1211529563
21.188000000000166,57225.5,57585.820075196505
21.238000000000167,57214.3,57562.98929595102
21.288000000000167,57203.200000000004,57540.451584555914
21.338000000000168,57192.399999999994,57518.430147308456
21.38800000000017,57181.7,57496.70067384525
21.43800000000017,57171.2,57475.36346305038
21.48800000000017,57160.799999999996,57454.31792376808
21.53800000000017,57150.7,57433.78561555613
21.58800000000017,57140.700000000004,57413.52339774419
21.638000000000172,57130.99999999999,57393.7732803145
21.688000000000173,57121.40000000001,57374.313456131706
21.738000000000174,57111.9,57355.14380715899
21.788000000000174,57102.700000000004,57336.464879934305
21.838000000000175,57093.700000000004,57318.19475379232
21.888000000000176,57084.799999999996,57300.195408482425
21.938000000000176,57076.1,57282.603829458676
21.988000000000177,57067.600000000006,57265.40128110783
22.038000000000178,57059.299999999996,57248.58762228793
22.08800000000018,57051.2,57232.16271501596
22.13800000000018,57043.200000000004,57216.02617913218
22.18800000000018,57035.5,57200.378384896605
22.23800000000018,57027.9,57185.034270546515
22.28800000000018,57020.50000000001,57170.07764936082
22.338000000000182,57013.2,57155.39340843368
22.388000000000183,57006.200000000004,57141.21179808015
22.438000000000184,56999.3,57127.31714027854
22.488000000000184,56992.700000000004,57113.90969526284
22.538000000000185,56986.2,57100.788998423435
22.588000000000186,56979.899999999994,57088.068018405174
22.638000000000186,56973.7,57075.620338569206
22.688000000000187,56967.8,57063.671567212186
22.738000000000188,56962.0,57051.996669563
22.78800000000019,56956.399999999994,57040.71959399385
22.83800000000019,56951.0,57029.82810978587
22.88800000000019,56945.799999999996,57019.31149965166
22.93800000000019,56940.8,57009.191310728005
22.98800000000019,56935.9,56999.35636452089
23.038000000000192,56931.200000000004,56989.91618173503
23.088000000000193,56926.700000000004,56980.85131442627
23.138000000000194,56922.4,56972.17156206426
23.188000000000194,56918.3,56963.88522042235
23.238000000000195,56914.3,56955.87505169736
23.288000000000196,56910.6,56948.357472797725
23.338000000000196,56907.00000000001,56941.11670335277
23.388000000000197,56903.59999999999,56934.267596025646
23.438000000000198,56900.4,56927.80248042989
23.4880000000002,56897.299999999996,56921.62126901067
23.5380000000002,56894.399999999994,56915.823954818115
23.5880000000002,56891.8,56910.51051702601
23.6380000000002,56889.3,56905.48085444835
23.6880000000002,56887.0,56900.83495638731
23.738000000000202,56884.799999999996,56896.47276817085
23.788000000000203,56882.899999999994,56892.59814896635
23.838000000000203,56881.100000000006,56889.002944550804
23.888000000000204,56879.49999999999,56885.794483592406
23.938000000000205,56878.09999999999,56882.968881824214
23.988000000000206,56876.9,56880.52611614164
24.038000000000206,56875.8,56878.36616290875
24.088000000000207,56874.9,56876.589011416545
24.138000000000208,56874.2,56875.1934119439
24.18800000000021,56873.7,56874.181338103735
24.23800000000021,56873.4,56873.55326623848
24.28800000000021,56873.299999999996,56873.30784664128
24.33800000000021,56873.299999999996,56873.34593713668
24.38800000000021,56873.5,56873.76689784178
24.438000000000212,56873.9,56874.571637787674
24.488000000000213,56874.5,56875.759898418415
24.538000000000213,56875.3,56877.32992392723
24.588000000000214,56876.2,56879.18487868092
24.638000000000215,56877.3,56881.420874038224
24.688000000000216,56878.59999999999,56884.039693824176
24.738000000000216,56880.100000000006,56887.041359451185
24.788000000000217,56881.799999999996,56890.42953468808
24.838000000000218,56883.7,56894.1933294882
24.88800000000022,56885.7,56898.2436744774
24.93800000000022,56887.9,56902.67697582063
24.98800000000022,56890.3,56907.4881324559
25.03800000000022,56892.899999999994,56912.681572210815
25.08800000000022,56895.6,56918.15142068923
25.138000000000222,56898.5,56924.002884212176
25.188000000000223,56901.700000000004,56930.33605117191
25.238000000000223,56904.899999999994,56936.84384597221
25.288000000000224,56908.399999999994,56943.83270252614
25.338000000000225,56912.1,56951.19488797936
25.388000000000225,56912.1,56950.78529771036
25.389000000000227,56912.1,56950.217025127495
25.390000000000228,56912.3,56949.85306420382
25.39100000000023,56912.4,56949.38571530218
25.393000000000228,56912.5,56948.92268401813
25.395000000000227,56912.6,56948.45654934268
25.397000000000226,56912.7,56947.9948482483
25.399000000000225,56912.8,56947.530277189
25.401000000000224,56912.9,56947.06301353001
25.403000000000223,56913.0,56946.607603769604
25.40500000000022,56913.2,56946.263917623684
25.40700000000022,56913.3,56945.81755023126
25.40900000000022,56913.4,56945.37573400498
25.411000000000218,56913.5,56944.93152085247
25.413000000000217,56913.7,56944.58513438931
25.415000000000216,56913.8,56944.14349397544
25.417000000000215,56913.9,56943.706644351754
25.419000000000214,56914.1,56943.36121845213
25.421000000000213,56914.200000000004,56942.92078666626
25.42300000000021,56914.4,56942.578852676816
25.42500000000021,56914.5,56942.142039543025
25.42700000000021,56914.700000000004,56941.79752313946
25.429000000000208,56914.8,56941.358384080304
25.432000000000208,56915.0,56941.01837708236
25.43500000000021,56915.1,56940.58387878052
25.43800000000021,56915.3,56940.242582500534
25.44100000000021,56915.5,56939.90709534654
25.44400000000021,56915.59999999999,56939.47132814215
25.44700000000021,56915.8,56939.13555229875
25.45000000000021,56916.0,56938.79993812077
25.45300000000021,56916.200000000004,56938.45884573922
25.45700000000021,56916.4,56938.11847402946
25.46100000000021,56916.600000000006,56937.779037244116
25.465000000000213,56916.8,56937.4351220062
25.469000000000214,56917.100000000006,56937.19830934963
25.473000000000216,56917.3,56936.85757862518
25.478000000000215,56917.49999999999,56936.51881491715
25.483000000000214,56917.8,56936.28227260914
25.488000000000213,56917.99999999999,56935.94812874778
25.49300000000021,56918.3,56935.711496267904
25.499000000000212,56918.600000000006,56935.47791441668
25.505000000000212,56918.899999999994,56935.242612446826
25.511000000000212,56919.2,56934.98637656002
25.518000000000214,56919.600000000006,56934.83011612277
25.526000000000213,56919.899999999994,56934.579060098986
25.534000000000212,56920.299999999996,56934.42885730177
25.543000000000212,56920.7,56934.284592582575
25.553000000000214,56921.2,56934.242080413394
25.564000000000213,56921.6,56934.093073423544
25.576000000000214,56922.1,56934.04731646668
25.589000000000215,56922.7,56934.109573718815
25.604000000000216,56923.299999999996,56934.17603263191
25.620000000000214,56923.9,56934.27920532005
25.638000000000215,56924.6,56934.490104627985
25.658000000000214,56925.4,56934.805213158295
25.682000000000215,56926.3,56935.21400526916
25.710000000000214,56927.3,56935.735976860866
25.744000000000213,56928.5,56936.478137694736
25.786000000000215,56929.899999999994,56937.446698448926
25.839000000000215,56931.7,56938.886967540566
25.905000000000214,56933.799999999996,56940.8121534366
25.960000000000214,56935.6,56942.300785157495
26.103000000000215,56940.1,56946.65442996253
26.353000000000215,56947.799999999996,56954.35514768744
26.853000000000215,56963.1,56969.6819929719
27.112000000000215,56971.0,56977.61457888345
27.612000000000215,56986.4,56992.97463185837
28.112000000000215,57001.8,57008.42385580942
28.612000000000215,57017.100000000006,57023.61087658737
28.989000000000214,57028.700000000004,57035.291314081616
29.213000000000214,57035.5,57042.10150750699
29.713000000000214,57050.9,57057.423503221995
30.029000000000213,57060.6,57067.25816641468
30.460000000000214,57073.8,57080.32879320491
30.835000000000214,57085.299999999996,57091.9861421009
31.335000000000214,57100.7,57107.161702644466
31.835000000000214,57116.0,57122.785691744844
32.335000000000214,57131.399999999994,57137.71392792465
32.835000000000214,57146.7,57153.60231492353
33.27500000000021,57160.2,57166.38614344109
33.77500000000021,57175.5,57182.40186942592
34.15700000000021,57187.2,57193.707582162264
34.42700000000021,57195.50000000001,57202.190166805165
34.88400000000021,57209.6,57216.068521051544
35.38400000000021,57224.9,57231.676753460786
35.88400000000021,57240.200000000004,57246.554937067405
36.38400000000021,57255.49999999999,57262.429294894886
36.88400000000021,57270.899999999994,57277.10202952053
37.341000000000214,57284.9,57291.60184955618
37.62300000000021,57293.399999999994,57299.99053206354
37.84500000000021,57300.3,57306.900749171386
38.34500000000021,57315.59999999999,57322.18940925501
38.84500000000021,57330.899999999994,57337.50679781083
39.34500000000021,57346.299999999996,57352.88907592661
39.84500000000021,57361.6,57368.1458937999
40.34500000000021,57376.9,57383.56875859439
40.84500000000021,57392.200000000004,57398.68523431776
41.34500000000021,57407.50000000001,57414.17163840213
41.84500000000021,57422.799999999996,57429.345183160345
42.07800000000021,57429.99999999999,57436.62564517987
42.57800000000021,57445.299999999996,57451.85999765082
42.94100000000021,57456.399999999994,57463.0153065435
43.29200000000021,57467.100000000006,57473.67795807145
43.79200000000021,57482.399999999994,57488.99534359256
44.29200000000021,57497.7,57504.293569347334
44.78300000000021,57512.8,57519.38219363649
45.28300000000021,57528.09999999999,57534.690000281356
45.726000000000205,57541.600000000006,57548.20404174886
46.226000000000205,57556.899999999994,57563.47989205907
46.726000000000205,57572.2,57578.82289631113
47.226000000000205,57587.5,57594.057191637046
47.726000000000205,57602.8,57609.45462742078
48.226000000000205,57618.100000000006,57624.60589681612
48.726000000000205,57633.399999999994,57640.125151751214
49.226000000000205,57648.7,57655.12948516413
49.726000000000205,57664.0,57670.82859327883
50.226000000000205,57679.3,57685.58458431873
50.726000000000205,57694.50000000001,57701.51512616964
51.226000000000205,57709.9,57715.99811034426
51.6810000000002,57723.7,57730.48877716767
51.976000000000205,57732.899999999994,57739.432310240554
52.25500000000021,57741.9,57748.590187288246
52.75500000000021,57758.00000000001,57764.45518176462
53.25500000000021,57774.1,57780.84168026699
53.70600000000021,57788.7,57795.10104802219
54.20600000000021,57804.8,57811.59975116568
54.67500000000021,57819.899999999994,57826.376643709395
54.99700000000021,57830.3,57836.959797731026
55.31700000000021,57840.59999999999,57847.11349293967
55.81700000000021,57856.7,57863.41711259518
56.31700000000021,57872.799999999996,57879.23388314266
56.81700000000021,57888.9,57895.72079016194
57.31700000000021,57904.99999999999,57911.29196271937
57.81700000000021,57921.1,57928.09775340353
58.313000000000216,57937.1,57943.28875830366
58.73900000000022,57950.8,57957.675708316325
59.09300000000022,57962.1,57968.54825995604
59.40700000000022,57972.299999999996,57979.07339371204
59.868000000000215,57987.2,57993.540001336834
60.368000000000215,58003.200000000004,58009.89205949935
60.69000000000022,58013.5,58020.010121517065
61.09600000000022,58026.6,58033.323361495466
61.59600000000022,58042.700000000004,58049.126987232994
62.09600000000022,58058.7,58065.533720121304
62.59600000000022,58074.9,58081.178699535914
63.05600000000022,58089.6,58096.32279045927
63.35700000000022,58099.2,58105.75624845701
63.63000000000022,58108.00000000001,58114.650184514074
64.08600000000023,58122.7,58129.22962038002
64.58600000000023,58138.8,58145.475626911146
65.08600000000023,58154.899999999994,58161.38152657006
65.58600000000023,58170.899999999994,58177.65313258561
66.08600000000023,58187.0,58193.43357787801
66.45500000000023,58198.9,58205.51672425629
66.70100000000022,58206.7,58213.28210225457
67.12300000000022,58220.299999999996,58226.92191236784
67.62300000000022,58236.4,58242.95276323715
68.12300000000022,58252.4,58259.047426873876
68.62300000000022,58268.49999999999,58275.01091742988
69.06200000000021,58282.600000000006,58289.27282341028
69.46400000000021,58295.50000000001,58301.97190962388
69.96400000000021,58311.5,58318.03078927373
70.20500000000021,58319.2,58325.802045747136
70.45300000000022,58327.1,58333.68991156304
70.95300000000022,58343.200000000004,58349.81068103859
71.45300000000022,58359.299999999996,58365.80954623981
71.91400000000021,58374.0,58380.69424722931
72.34700000000022,58387.9,58394.354739993505
72.84700000000022,58403.9,58410.58730492916
73.25300000000023,58416.9,58423.376445148075
73.75300000000023,58433.00000000001,58439.75495400754
74.25300000000023,58449.0,58455.447479547765
74.60800000000023,58460.4,58467.16729223419
75.10800000000023,58476.5,58482.96267017534
75.46000000000024,58487.8,58494.52754389269
75.96000000000024,58503.8,58510.26829996008
76.36700000000023,58516.9,58523.67911251774
76.86700000000023,58532.899999999994,58539.253471147174
77.36700000000023,58548.9,58555.83641618349
77.86700000000023,58565.0,58571.19611560714
78.31900000000023,58579.49999999999,58586.26214210479
78.62500000000023,58589.200000000004,58595.79776668163
78.80600000000022,58595.00000000001,58601.59507491994
79.10500000000023,58604.600000000006,58611.205615437335
79.60500000000023,58620.6,58627.16202032547
80.10500000000023,58636.6,58643.25052047567
80.60500000000023,58652.700000000004,58659.168859026875
81.10500000000023,58668.600000000006,58675.376999984546
81.59900000000023,58684.5,58690.787889244435
82.09300000000023,58700.3,58707.155324655854
82.47400000000023,58712.5,58718.802914894855
82.92400000000023,58726.8,58733.799889559275
83.42400000000023,58742.899999999994,58749.167790253814
83.79700000000024,58754.899999999994,58761.54842975711
84.04700000000024,58762.8,58769.36847054095
84.38300000000024,58773.6,58780.23719884602
84.88300000000024,58789.6,58796.125912224794
85.38300000000024,58805.600000000006,58812.29849936999
85.88300000000024,58821.6,58828.04562002919
86.38300000000024,58837.6,58844.4026280455
86.88300000000024,58853.59999999999,58859.912021437085
87.38300000000024,58869.600000000006,58876.587077144155
87.88300000000024,58885.6,58891.779761922866
88.31800000000024,58899.5,58906.17790237545
88.58900000000024,58908.1,58914.704205940245
88.76900000000025,58913.8,58920.39181093818
89.23300000000025,58928.700000000004,58935.30607599597
89.73300000000025,58944.7,58951.23021033282
90.20500000000024,58959.7,58966.27661212069
90.45900000000024,58967.8,58974.39347455406
90.64700000000025,58973.8,58980.40693775131
91.14700000000025,58989.8,58996.36965881175
91.64700000000025,59005.8,59012.32926302366
91.92200000000025,59014.6,59021.223578667836
92.23100000000025,59024.4,59030.96955502491
92.67300000000024,59038.5,59045.08695646072
93.11200000000024,59052.5,59059.11084175223
93.61200000000024,59068.49999999999,59075.07675527103
94.11200000000024,59084.5,59091.12993077295
94.61200000000024,59100.5,59107.057065815454
95.11200000000024,59116.4,59123.05553600417
95.61200000000024,59132.399999999994,59138.88279441357
96.11200000000024,59148.299999999996,59154.98119959847
96.50300000000024,59160.799999999996,59167.278905523766
97.00300000000024,59176.8,59183.34136066466
97.28300000000024,59185.6,59192.20995053879
97.55800000000025,59194.399999999994,59200.984872620975
98.05800000000025,59210.4,59216.934707276036
98.49000000000025,59224.1,59230.72315176369
98.79600000000025,59233.90000000001,59240.46259355309
99.29600000000025,59249.8,59256.448193968776
99.79600000000025,59265.8,59272.33321642308
100.29600000000025,59281.7,59288.32836736919
100.79600000000025,59297.7,59304.22962275899
101.01700000000025,59304.700000000004,59311.31423637557
101.41500000000025,59317.399999999994,59323.97977764987
101.91100000000024,59333.2,59339.820052500036
102.41100000000024,59349.1,59355.624543179045
102.82200000000024,59362.2,59368.85190086101
103.32200000000024,59378.09999999999,59384.62390417793
103.82200000000024,59394.100000000006,59400.80367351764
104.32200000000024,59410.0,59416.44325207492
104.82200000000024,59425.9,59432.71478831381
105.32200000000024,59441.9,59448.183775009806
105.82200000000024,59457.799999999996,59464.62433921415
106.19700000000024,59469.7,59476.03686200994
106.64100000000025,59483.799999999996,59490.76257512576
107.14100000000025,59499.8,59505.89096968732
107.64100000000025,59515.700000000004,59522.665598527805
108.00700000000025,59527.200000000004,59533.656749177135
108.28700000000025,59536.2,59542.747651257
108.45600000000024,59541.600000000006,59548.21937737854
108.95600000000024,59557.50000000001,59564.052778828955
109.25400000000025,59566.99999999999,59573.615168855715
109.54400000000025,59576.2,59582.77385101628
110.04400000000025,59592.100000000006,59598.69146891266
110.54400000000025,59608.00000000001,59614.570217543755
111.04400000000025,59623.9,59630.53328851021
111.54400000000025,59639.9,59646.379499062845
112.04400000000025,59655.700000000004,59662.46694385762
112.54400000000025,59671.7,59678.03201532543
113.00700000000025,59686.3,59693.04676439163
113.33500000000025,59696.7,59703.129916606806
113.78300000000024,59711.0,59717.719514097415
114.20500000000024,59724.4,59730.90948119239
114.56100000000023,59735.7,59742.41521338027
115.06100000000023,59751.6,59757.98989695727
115.56100000000023,59767.49999999999,59774.24434415001
115.93100000000024,59779.200000000004,59785.58589622769
116.43100000000024,59795.100000000006,59802.00209417235
116.93100000000024,59811.0,59817.16061251625
117.41500000000023,59826.3,59833.12549067735
117.73400000000024,59836.4,59842.90645462186
118.02400000000024,59845.6,59852.33177695588
118.52400000000024,59861.5,59867.87703390753
119.02400000000024,59877.4,59884.18400543597
119.52400000000024,59893.200000000004,59899.75996981663
119.68300000000025,59898.299999999996,59904.87014728379
119.83800000000025,59903.200000000004,59909.79655316098
120.03600000000024,59909.5,59916.10361615363
120.53600000000024,59925.4,59931.97904404436
121.03600000000024,59941.3,59947.91296160198
121.53600000000024,59957.2,59963.72032064304
121.82700000000024,59966.4,59973.02171647332
122.10100000000024,59975.0,59981.567223814316
122.47900000000024,59987.0,59993.61378793803
122.87200000000024,59999.5,60006.072641448205
123.37200000000024,60015.4,60022.01632334738
123.87200000000024,60031.200000000004,60037.752742939236
124.31900000000024,60045.399999999994,60052.03856488892
124.76300000000025,60059.5,60066.04227962601
125.26300000000025,60075.4,60082.08048010157
125.76300000000025,60091.200000000004,60097.68364265131
126.26300000000025,60107.100000000006,60113.85887957355
126.76300000000025,60123.0,60129.37396495049
127.26300000000025,60138.8,60145.46981481668
127.61800000000025,60150.0,60156.585988380546
127.85600000000025,60157.50000000001,60164.086653343766
128.35600000000025,60173.4,60179.99782672182
128.85600000000025,60189.200000000004,60195.76020978245
129.25500000000025,60201.9,60208.55584256759
129.75500000000025,60217.700000000004,60224.14953490093
130.25500000000025,60233.5,60240.129255337095
130.54300000000026,60242.600000000006,60249.1259903792
131.04300000000026,60258.399999999994,60265.103519495875
131.54300000000026,60274.3,60280.75444327923
132.04300000000026,60290.1,60296.90528772521
132.54300000000026,60305.99999999999,60312.29064439684
133.04300000000026,60321.799999999996,60328.69453188014
133.45600000000027,60334.799999999996,60341.08989421468
133.88000000000028,60348.299999999996,60355.29732719172
134.3530000000003,60363.3,60369.56685731761
134.72000000000028,60374.9,60381.64034809275
135.01600000000028,60384.2,60390.696283083664
135.36500000000026,60395.299999999996,60402.038896544655
135.86500000000026,60411.2,60417.59869480115
136.36500000000026,60427.0,60433.870945053706
136.86500000000026,60442.8,60449.15970733623
137.22700000000026,60454.3,60461.03433676443
137.55100000000027,60464.5,60470.90647999035
138.05100000000027,60480.3,60487.089531433914
138.55100000000027,60496.1,60502.586603838776
138.86400000000026,60506.100000000006,60512.85881012048
139.36400000000026,60521.90000000001,60528.25042773479
139.86400000000026,60537.7,60544.43196487243
140.20900000000026,60548.5,60555.010592537976
140.55600000000027,60559.5,60566.148460256714
140.96100000000027,60572.299999999996,60578.84839055791
141.37200000000027,60585.299999999996,60591.97371847435
141.87200000000027,60601.1,60607.55367037677
142.30300000000028,60614.700000000004,60621.310806547815
142.5540000000003,60622.6,60629.18537827658
143.03000000000029,60637.7,60644.316107750674
143.53000000000029,60653.5,60660.01973348118
143.91100000000029,60665.5,60672.11856382716
144.1800000000003,60674.0,60680.570325287044
144.6800000000003,60689.8,60696.423983633445
145.1800000000003,60705.600000000006,60712.14703179636
145.6800000000003,60721.40000000001,60728.07270435543
146.1800000000003,60737.2,60743.671876301014
146.6800000000003,60752.9,60759.677812375274
147.1800000000003,60768.799999999996,60775.14893222358
147.6800000000003,60784.5,60791.35044184039
148.14300000000028,60799.1,60805.56750217018
148.4490000000003,60808.799999999996,60815.56629614154
148.9490000000003,60824.6,60831.05028466739
149.2830000000003,60835.2,60841.86638304621
149.5830000000003,60844.600000000006,60851.10385120053
150.0830000000003,60860.4,60867.12793932532
150.5830000000003,60876.2,60882.58373176493
151.0830000000003,60891.9,60898.80702338414
151.5830000000003,60907.799999999996,60913.947274587015
152.0830000000003,60923.5,60930.58854346978
152.51400000000032,60937.1,60943.48568277574
152.80600000000032,60946.40000000001,60953.06637613048
153.08500000000032,60955.100000000006,60961.649233386794
153.43300000000033,60966.09999999999,60972.75167879013
153.93300000000033,60981.899999999994,60988.41248041646
154.32600000000033,60994.299999999996,61001.023389491704
154.82600000000033,61010.1,61016.5112263131
155.32600000000033,61025.8,61032.652418349404
155.82600000000033,61041.600000000006,61047.837554683996
156.32600000000033,61057.299999999996,61064.19540097926
156.72100000000034,61069.7,61076.0679396015
157.08700000000036,61081.299999999996,61088.19424691514
157.55300000000037,61096.0,61102.18166184225
158.05300000000037,61111.7,61118.66418188767
158.46700000000035,61124.7,61131.21179976067
158.71900000000036,61132.7,61139.36639382351
159.08300000000037,61144.2,61150.70046470214
159.58300000000037,61159.9,61166.638167077166
160.08300000000037,61175.7,61182.10269265199
160.58300000000037,61191.4,61198.277508253675
161.08300000000037,61207.2,61213.406659025204
161.58300000000037,61222.9,61230.067907536875
162.08300000000037,61238.7,61244.89970622478
162.43100000000038,61249.7,61256.35365188106
162.66800000000038,61257.100000000006,61263.65913709402
163.02000000000038,61268.200000000004,61274.79612145188
163.38700000000037,61279.700000000004,61286.30368502532
163.79600000000036,61292.600000000006,61299.162214968266
164.29600000000036,61308.299999999996,61314.87994611572
164.62600000000037,61318.700000000004,61325.24812572772
165.12600000000037,61334.40000000001,61341.0611015779
165.62600000000037,61350.1,61356.5953738838
166.05600000000038,61363.6,61370.33310796538
166.5230000000004,61378.4,61384.80692280182
167.0230000000004,61394.00000000001,61400.7059934784
167.4290000000004,61406.799999999996,61413.37539052387
167.6420000000004,61413.5,61420.10550054932
167.89500000000038,61421.40000000001,61427.96682708628
168.31600000000037,61434.6,61441.24352921858
168.8130000000004,61450.3,61456.83660510988
169.3130000000004,61466.0,61472.67267243243
169.8130000000004,61481.7,61488.18709979888
170.2730000000004,61496.2,61502.96150221305
170.7730000000004,61511.9,61518.26969846218
171.2730000000004,61527.6,61534.49465054724
171.7730000000004,61543.3,61549.611128929755
172.17600000000039,61555.99999999999,61562.790139662255
172.52600000000038,61566.99999999999,61573.54992909698
172.75100000000037,61574.1,61580.72936328427
173.14700000000036,61586.5,61593.03197375022
173.64700000000036,61602.200000000004,61608.881334776765
174.14700000000036,61617.899999999994,61624.38895070211
174.52900000000037,61629.899999999994,61636.65010717056
175.02900000000037,61645.899999999994,61652.26477607039
175.52900000000037,61662.4,61669.34056357438
176.02900000000037,61679.0,61685.16246228897
176.48600000000036,61694.100000000006,61701.07047001416
176.88300000000035,61707.2,61713.63470080559
177.17800000000034,61716.99999999999,61723.73454826764
177.54800000000034,61729.3,61735.700875828814
178.04800000000034,61745.799999999996,61752.680804639705
178.54800000000034,61762.4,61768.59787689283
179.04800000000034,61778.8,61785.965590339016
179.54000000000033,61795.2,61801.44528810962
179.87000000000035,61806.200000000004,61812.819887071055
180.09000000000034,61813.4,61819.99087117022
180.40600000000035,61823.8,61830.40493617687
180.90600000000035,61840.4,61846.98333344583
181.40600000000035,61856.899999999994,61863.52758335036
181.90600000000035,61873.4,61879.9566031316
182.40600000000035,61889.9,61896.48760024187
182.84000000000034,61904.3,61910.888841369706
183.13600000000034,61914.0,61920.61603605944
183.63600000000034,61930.600000000006,61937.171369239964
184.13600000000034,61947.1,61953.66949929854
184.53200000000032,61960.1,61966.66075603366
184.72500000000034,61966.5,61973.081033074464
185.22500000000034,61983.00000000001,61989.592329402316
185.54400000000032,61993.49999999999,62000.0899399514
185.8210000000003,62002.700000000004,62009.30061671737
186.3210000000003,62019.2,62025.788858048065
186.8210000000003,62035.7,62042.254089822585
187.3210000000003,62052.200000000004,62058.841214849956
187.7310000000003,62065.700000000004,62072.23039024752
188.0270000000003,62075.5,62082.080523494646
188.2050000000003,62081.399999999994,62087.97773738107
188.7050000000003,62097.799999999996,62104.431935731925
189.2050000000003,62114.4,62120.95424628536
189.7050000000003,62130.899999999994,62137.511665966435
190.2050000000003,62147.299999999996,62153.87021745604
190.7050000000003,62163.8,62170.41780437241
191.2050000000003,62180.3,62186.853298577145
191.7050000000003,62196.799999999996,62203.4471183293
192.2050000000003,62213.3,62219.82982456639
192.7050000000003,62229.8,62236.49644239289
193.2050000000003,62246.299999999996,62252.727951746296
193.7050000000003,62262.7,62269.54983183304
194.2050000000003,62279.3,62285.501378669884
194.7050000000003,62295.6,62302.53375983596
195.08300000000028,62308.1,62314.49730267561
195.40900000000028,62318.799999999996,62325.5642487385
195.77900000000028,62330.99999999999,62337.36023655206
196.27900000000028,62347.5,62354.41812958316
196.77900000000028,62364.0,62370.42474699836
197.06900000000027,62373.6,62380.25909545772
197.34500000000028,62382.600000000006,62389.11463156046
197.84500000000028,62399.1,62405.797868390015
198.34500000000028,62415.59999999999,62422.05844112168
198.84500000000028,62432.00000000001,62438.787597541756
199.34500000000028,62448.5,62454.769669259025
199.84500000000028,62464.9,62471.74088691465
200.20000000000027,62476.6,62482.97876346036
200.59200000000027,62489.5,62496.420724403004
201.09200000000027,62505.99999999999,62512.123719853305
201.59200000000027,62522.4,62529.415434329814
201.97500000000028,62534.9,62541.32267603984
202.2630000000003,62544.50000000001,62551.13732889716
202.52200000000028,62553.0,62559.58178379249
202.77900000000028,62561.5,62568.10896367314
203.27900000000028,62577.9,62584.48390525105
203.77900000000028,62594.399999999994,62600.906228621825
204.2630000000003,62610.2,62616.81312928886
204.53000000000029,62619.00000000001,62625.564284202315
205.03000000000029,62635.4,62642.03849897653
205.53000000000029,62651.9,62658.42422488427
206.03000000000029,62668.3,62674.832192633534
206.29000000000028,62676.8,62683.39894866573
206.49600000000027,62683.6,62690.199528399426
206.99600000000027,62700.0,62706.58768827653
207.49600000000027,62716.5,62723.08909204264
207.99600000000027,62732.899999999994,62739.5136727447
208.49600000000027,62749.3,62755.8819560644
208.99600000000027,62765.8,62772.426434602545
209.49600000000027,62782.2,62788.748402568
209.99600000000027,62798.6,62805.269143553065
210.49600000000027,62815.1,62821.598468856246
210.99600000000027,62831.50000000001,62838.20533247903
211.49600000000027,62847.9,62854.40121646848
211.82600000000028,62858.7,62865.4411376498
212.32600000000028,62875.2,62881.59211018916
212.82600000000028,62891.600000000006,62898.50241363384
213.32600000000028,62908.00000000001,62914.152390506635
213.82600000000028,62924.4,62931.35629641802
214.1970000000003,62936.5,62942.903687161735
214.5090000000003,62946.799999999996,62953.53873075289
214.8550000000003,62958.1,62964.49566872964
215.3550000000003,62974.5,62981.382656448965
215.8550000000003,62990.9,62997.091041087246
216.3550000000003,63007.299999999996,63014.417909133444
216.81600000000032,63022.5,63028.758004555086
217.1490000000003,63033.399999999994,63040.0893281518
217.4090000000003,63041.9,63048.42405863826
217.7910000000003,63054.4,63061.11119607598
218.2910000000003,63070.799999999996,63077.21802254319
218.6600000000003,63082.899999999994,63089.48704531497
218.8600000000003,63089.4,63095.95778308126
219.2940000000003,63103.59999999999,63110.19543077407
219.5750000000003,63112.8,63119.40616969637
220.0750000000003,63129.200000000004,63135.77769507957
220.5750000000003,63145.6,63152.165824502816
220.9460000000003,63157.799999999996,63164.43326697201
221.4460000000003,63174.2,63180.74506119564
221.9460000000003,63190.5,63197.17607419215
222.4460000000003,63206.899999999994,63213.299761844326
222.9460000000003,63223.2,63229.84549395827
223.2200000000003,63232.2,63238.776431095546
223.5290000000003,63242.3,63248.933788715476
224.0290000000003,63258.7,63265.24883890451
224.5290000000003,63275.0,63281.66325244441
225.0290000000003,63291.4,63297.89540735315
225.41800000000032,63304.200000000004,63310.86240233103
225.7500000000003,63315.0,63321.48418259
226.2500000000003,63331.299999999996,63338.06194436203
226.7500000000003,63347.799999999996,63354.14268079209
227.2500000000003,63364.1,63370.858048948045
227.60400000000033,63375.6,63381.94493463772
228.10400000000033,63391.9,63398.73131885072
228.5060000000003,63405.100000000006,63411.36280439345
229.0060000000003,63421.40000000001,63428.50045658185
229.5060000000003,63437.8,63443.95248799285
229.88800000000032,63450.3,63457.038571977304
230.15600000000032,63459.0,63465.54241617479
230.44200000000032,63468.399999999994,63475.07639242423
230.94200000000032,63484.799999999996,63491.26528262357
231.4110000000003,63500.1,63506.75567766471
231.73900000000032,63510.799999999996,63517.31032820289
232.23900000000032,63527.200000000004,63533.91829118436
232.73900000000032,63543.49999999999,63549.920776816834
233.23900000000032,63559.799999999996,63566.61886721747
233.73900000000032,63576.2,63582.5775472049
234.1410000000003,63589.3,63596.064000723745
234.5080000000003,63601.3,63607.65995651217
235.0080000000003,63617.600000000006,63624.53268774404
235.5080000000003,63634.0,63640.08445621415
236.0080000000003,63650.2,63656.80161374773
236.2370000000003,63657.600000000006,63664.19890371906
236.4280000000003,63663.8,63670.38610543935
236.9280000000003,63680.100000000006,63686.71746310939
237.4280000000003,63696.5,63703.07220821912
237.9280000000003,63712.8,63719.433571917965
238.4280000000003,63729.100000000006,63735.64170839794
238.9280000000003,63745.399999999994,63752.06643589777
239.4280000000003,63761.8,63768.30134374166
239.9280000000003,63778.09999999999,63784.84313860721
240.4280000000003,63794.399999999994,63800.788703153186
240.9280000000003,63810.7,63817.60531004758
241.4280000000003,63827.1,63833.24758762425
241.9280000000003,63843.3,63850.4317452885
242.3670000000003,63857.7,63864.19601698311
242.5890000000003,63865.1,63871.672968926505
242.7380000000003,63869.899999999994,63876.53677461046
243.2380000000003,63886.2,63892.741471319576
243.7380000000003,63902.5,63909.179736628445
244.2380000000003,63918.899999999994,63925.37459042792
244.7380000000003,63935.2,63941.835574454
245.11000000000033,63947.299999999996,63953.84986124648
245.56300000000033,63962.0,63968.6646326171
246.06300000000033,63978.3,63984.796010433565
246.56300000000033,63994.600000000006,64001.35153450852
247.06300000000033,64011.0,64017.37012916607
247.56300000000033,64027.200000000004,64034.131117693236
248.06300000000033,64043.600000000006,64049.71615067462
248.56300000000033,64059.799999999996,64066.888881152954
248.96900000000034,64073.0,64079.434351574295
249.23400000000032,64081.799999999996,64088.44789227819
249.50700000000032,64090.59999999999,64097.15175537358
249.92400000000032,64104.200000000004,64110.86990949335
250.42400000000032,64120.50000000001,64126.98780838033
250.92400000000032,64136.8,64143.55691654733
251.42400000000032,64153.09999999999,64159.461876479436
251.92400000000032,64169.299999999996,64176.20591370711
252.40700000000032,64185.1,64191.23675628928
252.90700000000032,64201.3,64208.42585171189
253.3450000000003,64215.59999999999,64222.12215913228
253.5640000000003,64222.9,64229.49608581753
253.7540000000003,64229.0,64235.59325097104
254.2540000000003,64245.299999999996,64251.86122394923
254.6480000000003,64258.1,64264.74255429732
255.1480000000003,64274.4,64280.936976074205
255.6480000000003,64290.700000000004,64297.37888743592
256.1480000000003,64306.899999999994,64313.36991443046
256.3530000000003,64313.6,64320.14353470744
256.4660000000003,64317.200000000004,64323.88448282038
256.9660000000003,64333.5,64339.96545700113
257.4660000000003,64349.8,64356.55475650654
257.9470000000003,64365.4,64371.80856167562
258.3850000000003,64379.700000000004,64386.56267989507
258.8850000000003,64396.0,64402.315723137726
259.28900000000027,64409.1,64415.805704883845
259.58000000000027,64418.49999999999,64425.01886545574
259.93600000000026,64430.100000000006,64436.820981347504
260.43600000000026,64446.40000000001,64452.775543061325
260.93600000000026,64462.6,64469.23278670081
261.21000000000026,64471.40000000001,64477.913216744244
261.71000000000026,64487.6,64494.238227752976
262.06600000000026,64499.2,64505.7321396046
262.56600000000026,64515.4,64522.10115810848
263.06600000000026,64531.7,64538.148427999455
263.56600000000026,64547.9,64554.72599379082
264.06600000000026,64564.200000000004,64570.437542927444
264.56600000000026,64580.3,64587.05398878337
264.8730000000003,64590.200000000004,64596.60685471334
265.25400000000025,64602.6,64609.32539581763
265.58500000000026,64613.3,64619.715317005226
266.08500000000026,64629.49999999999,64636.09632934819
266.41900000000027,64640.3,64646.90057374395
266.62200000000024,64646.90000000001,64653.50111946942
267.12200000000024,64663.1,64669.70245893244
267.62200000000024,64679.4,64685.997100525536
268.12200000000024,64695.6,64702.20179179145
268.62200000000024,64711.8,64718.39307102579
269.12200000000024,64728.09999999999,64734.71118903879
269.62200000000024,64744.299999999996,64750.8723006431
270.12200000000024,64760.5,64767.13739653135
270.62200000000024,64776.700000000004,64783.24486098901
271.12200000000024,64792.99999999999,64799.643459596584
271.62200000000024,64809.2,64815.73415759735
272.12200000000024,64825.4,64832.09676100207
272.62200000000024,64841.600000000006,64848.053563933936
273.12200000000024,64857.799999999996,64864.6115374549
273.62200000000024,64874.1,64880.38796178833
274.12200000000024,64890.200000000004,64897.19975390976
274.59200000000027,64905.49999999999,64911.65350467328
275.0190000000003,64919.299999999996,64926.11676713437
275.3240000000003,64929.100000000006,64935.68077885712
275.5280000000003,64935.799999999996,64942.401465372066
276.0280000000003,64952.0,64958.54915876021
276.3580000000003,64962.7,64969.33058544934
276.6730000000003,64972.9,64979.4475190461
277.1730000000003,64989.1,64995.70921408546
277.5940000000003,65002.700000000004,65009.27675351828
278.0940000000003,65018.899999999994,65025.51839573979
278.5940000000003,65035.1,65041.63920792998
279.0940000000003,65051.3,65057.99194245462
279.5940000000003,65067.49999999999,65073.918621758945
280.0360000000003,65081.7,65088.28994100496
280.26300000000026,65089.0,65095.60398276872
280.62400000000025,65100.7,65107.27806735945
281.12400000000025,65116.9,65123.49282702366
281.57100000000025,65131.399999999994,65138.004102227416
282.07100000000025,65147.6,65154.18190453728
282.57100000000025,65163.8,65170.40339800434
283.07100000000025,65179.899999999994,65186.46440554349
283.57100000000025,65196.1,65202.749869426356
284.07100000000025,65212.3,65218.82684140317
284.57100000000025,65228.5,65235.1931404886
285.07100000000025,65244.7,65251.16270412884
285.57100000000025,65260.799999999996,65267.604725241225
286.07100000000025,65277.0,65283.28996169864
286.57100000000025,65293.100000000006,65300.02761684717
286.9980000000003,65307.00000000001,65313.45770813653
287.2740000000003,65316.0,65322.659770697166
287.5580000000003,65325.1,65331.61924224359
287.94600000000025,65337.7,65344.358180367766
288.31600000000026,65349.6,65356.08445931324
288.81600000000026,65365.8,65372.40985544418
289.12100000000027,65375.6,65382.197183944285
289.40300000000025,65384.7,65391.30466355174
289.90300000000025,65400.9,65407.48578682347
290.40300000000025,65417.100000000006,65423.68374313731
290.8870000000002,65432.7,65439.24469813013
291.1430000000002,65441.0,65447.62951104546
291.4780000000002,65451.8,65458.359673257335
291.9780000000002,65467.899999999994,65474.55199811285
292.4780000000002,65484.1,65490.6119895802
292.9780000000002,65500.2,65506.78714742817
293.30600000000015,65510.799999999996,65517.3947468323
293.51000000000016,65517.399999999994,65524.008768670676
294.01000000000016,65533.6,65540.18649946284
294.51000000000016,65549.7,65556.26089328111
294.97200000000015,65564.59999999999,65571.16546304984
295.21000000000015,65572.29999999999,65578.89975960198
295.71000000000015,65588.4,65594.99095903133
296.1220000000001,65601.70000000001,65608.31565352128
296.6220000000001,65617.8,65624.29930570243
297.1220000000001,65633.90000000001,65640.52841936547
297.4230000000001,65643.6,65650.1550496084
297.9230000000001,65659.7,65666.32038945175
298.4230000000001,65675.9,65682.47448659515
298.9230000000001,65692.0,65698.5791599612
299.4230000000001,65708.1,65714.68720617391
299.7460000000001,65718.5,65725.0981690091
300.0330000000001,65727.70000000001,65734.30229193506
300.5330000000001,65743.9,65750.49348525492
301.0330000000001,65760.0,65766.61167430632
301.5330000000001,65776.8,65783.38603629087
302.0330000000001,65793.8,65800.4245695349
302.5330000000001,65810.79999999999,65817.36183105226
303.0330000000001,65827.70000000001,65834.35104168025
303.5330000000001,65844.7,65851.22421211956
304.0330000000001,65861.7,65868.36739558371
304.5330000000001,65878.7,65885.19674211608
305.0330000000001,65895.6,65902.33144640025
305.5330000000001,65912.59999999999,65918.99925354007
306.0330000000001,65929.5,65936.40599185205
306.5330000000001,65946.6,65952.74495318519
307.0330000000001,65963.5,65970.51648618082
307.42300000000006,65976.70000000001,65983.3157684478
307.5880000000001,65982.3,65988.90269304834
307.7250000000001,65987.0,65993.60307389026
307.9910000000001,65996.0,66002.54981213735
308.2530000000001,66004.9,66011.54177572468
308.6740000000001,66019.2,66025.73820958751
308.9750000000001,66029.4,66036.07433753078
309.4750000000001,66046.40000000001,66052.87994077905
309.9750000000001,66063.3,66070.07954654888
310.4750000000001,66080.3,66086.63267443652
310.9750000000001,66097.2,66104.14447909077
311.4750000000001,66114.20000000001,66120.71554178534
311.69000000000005,66121.5,66128.10043092466
311.94900000000007,66130.3,66136.887615314
312.44900000000007,66147.2,66153.81605184507
312.94900000000007,66164.20000000001,66170.77007692754
313.44900000000007,66181.1,66187.7357534008
313.94900000000007,66198.1,66204.61887219238
314.4030000000001,66213.4,66220.12693188828
314.9030000000001,66230.4,66236.8108741128
315.4030000000001,66247.29999999999,66254.18789975753
315.9030000000001,66264.3,66270.46891396142
316.4030000000001,66281.1,66288.01845375796
316.76900000000006,66293.5,66299.89913560555
317.08900000000006,66304.3,66311.04467618135
317.43000000000006,66315.9,66322.30422238875
317.88700000000006,66331.3,66338.01611192145
318.24100000000004,66343.3,66349.70970292775
318.74100000000004,66360.1,66366.96971565399
319.24100000000004,66377.09999999999,66383.49899501914
319.557,66387.8,66394.5036580186
319.86,66398.1,66404.54409063919
320.36,66414.9,66421.73976484305
320.86,66431.9,66438.11768036445
321.36,66448.7,66455.87793787864
321.857,66465.7,66472.01936771914
322.14000000000004,66475.40000000001,66481.99170035755
322.33500000000004,66481.9,66488.50578302713
322.785,66497.1,66503.65283655052
323.208,66511.40000000001,66518.0693742788
323.697,66528.0,66534.49796987671
324.197,66544.8,66551.55418232245
324.697,66561.8,66568.15003471872
325.197,66578.59999999999,66585.56448210367
325.689,66595.3,66601.35983134805
326.189,66612.09999999999,66619.10921768796
326.547,66624.2,66630.70557742595
326.78900000000004,66632.4,66639.05873013823
327.11000000000007,66643.3,66649.81045785407
327.30000000000007,66649.7,66656.2616263495
327.40900000000005,66653.4,66659.99241425899
327.61500000000007,66660.29999999999,66666.906543122
327.94200000000006,66671.40000000001,66677.9938558422
328.44200000000006,66688.3,66694.8918162276
328.94200000000006,66705.2,66711.80674904402
329.44200000000006,66722.0,66728.57416528325
329.94200000000006,66738.9,66745.49586600174
330.3810000000001,66753.8,66760.39705841283
330.79300000000006,66767.7,66774.3083622859
331.29300000000006,66784.6,66791.18594384006
331.79300000000006,66801.4,66808.01446340264
332.29300000000006,66818.3,66824.85812012761
332.79300000000006,66835.2,66841.86488910025
333.29300000000006,66852.09999999999,66858.55956082036
333.79300000000006,66868.9,66875.64296923636
334.21100000000007,66883.0,66889.3614826147
334.71100000000007,66899.8,66906.57301082012
335.07500000000005,66912.09999999999,66918.40710581973
335.57500000000005,66928.9,66935.38577409883
335.77200000000005,66935.40000000001,66941.9708171323
335.93300000000005,66940.8,66947.41882701257
336.24300000000005,66951.3,66957.8686885362
336.74300000000005,66968.1,66974.74487527751
337.24300000000005,66985.0,66991.53409110515
337.74300000000005,67001.9,67008.5783469758
338.24300000000005,67018.7,67025.1894464852
338.65100000000007,67032.5,67039.24600333646
339.1070000000001,67047.79999999999,67054.1741724003
339.6070000000001,67064.59999999999,67071.29368274355
339.9430000000001,67075.9,67082.48878124794
340.1520000000001,67083.0,67089.53167146479
340.4280000000001,67092.2,67098.8173094446
340.67200000000014,67100.40000000001,67106.9771338128
341.17200000000014,67117.3,67123.888673036
341.67200000000014,67134.1,67140.71724690383
342.17200000000014,67151.0,67157.52687245989
342.63800000000015,67166.6,67173.3087885751
343.13800000000015,67183.5,67189.93831130752
343.63800000000015,67200.3,67207.10800706944
344.13800000000015,67217.2,67223.57716347722
344.54200000000014,67230.8,67237.69031564583
344.9970000000001,67246.1,67252.42258175662
345.3610000000001,67258.4,67265.08875037008
345.6250000000001,67267.2,67273.72923827148
345.9840000000001,67279.3,67285.99729536798
346.4840000000001,67296.2,67302.65042343715
346.9840000000001,67313.0,67319.8311107822
347.4840000000001,67329.8,67336.04911466557
347.9840000000001,67346.6,67353.74247109717
348.4840000000001,67363.5,67369.62293795633
348.8550000000001,67376.09999999999,67382.80166165544
349.0990000000001,67384.1,67390.66219792505
349.3700000000001,67393.3,67399.93792764329
349.8700000000001,67410.1,67416.63368128048
350.3700000000001,67426.9,67433.53718746245
350.8700000000001,67443.7,67450.23971243412
351.1210000000001,67452.09999999999,67458.74261699992
351.6210000000001,67469.0,67475.5044001754
352.1210000000001,67485.7,67492.37613685871
352.52600000000007,67499.3,67505.77969626136
353.02600000000007,67516.09999999999,67522.8715560297
353.52600000000007,67532.9,67539.24106350626
354.02600000000007,67549.7,67556.6938357875
354.52600000000007,67566.6,67572.6069445773
355.02600000000007,67583.2,67590.20367431159
355.36000000000007,67594.4,67600.95154269881
355.57400000000007,67601.70000000001,67608.30664536257
355.7940000000001,67609.0,67615.57992756071
356.1230000000001,67620.1,67626.73203453174
356.6230000000001,67636.90000000001,67643.44127527384
357.1230000000001,67653.7,67660.38959162585
357.6230000000001,67670.5,67676.90187242077
358.1230000000001,67687.2,67694.04792299288
358.5650000000001,67702.09999999999,67708.32721672258
359.0650000000001,67718.8,67725.96018015717
359.55900000000014,67735.5,67741.75628432716
359.87300000000016,67746.1,67752.72833763013
360.10400000000016,67753.7,67760.29815921576
360.32700000000017,67761.2,67767.79191964045
360.82700000000017,67778.0,67784.57617756547
361.26000000000016,67792.5,67799.0704955926
361.5210000000002,67801.3,67807.92586045063
362.0210000000002,67818.0,67824.53503222087
362.40400000000017,67830.9,67837.55906740263
362.90400000000017,67847.6,67854.123740051
363.17600000000016,67856.8,67863.39261423009
363.3580000000002,67862.8,67869.41702689692
363.8580000000002,67879.6,67886.17391777462
364.3580000000002,67896.40000000001,67903.04367334823
364.8580000000002,67913.2,67919.73565166979
365.3580000000002,67929.9,67936.60480193052
365.8580000000002,67946.7,67953.12977326415
366.3580000000002,67963.4,67970.26705169636
366.8580000000002,67980.3,67986.4649895053
367.3580000000002,67996.90000000001,68003.68973985696
367.65400000000017,68006.7,68013.24975249854
367.90400000000017,68015.20000000001,68021.87715601228
368.40400000000017,68031.9,68038.32279013784
368.90400000000017,68048.6,68055.3281028223
369.25800000000015,68060.40000000001,68066.77104852769
369.75800000000015,68077.09999999999,68083.83038451505
370.09500000000014,68088.4,68094.96977844436
370.31300000000016,68095.7,68102.28743905698
370.47900000000016,68101.3,68107.91527012023
370.97900000000016,68118.0,68124.5584312442
371.47900000000016,68134.79999999999,68141.46943950593
371.97900000000016,68151.5,68157.96917413815
372.47900000000016,68168.2,68174.78627307517
372.75800000000015,68177.5,68184.1075475823
373.05300000000017,68187.40000000001,68193.99119785722
373.55300000000017,68204.1,68210.67881695717
374.05300000000017,68220.9,68227.48012913472
374.4010000000002,68232.5,68239.08445695645
374.63000000000017,68240.09999999999,68246.70217486583
374.86300000000017,68247.90000000001,68254.47881629667
375.36300000000017,68264.70000000001,68271.31782129475
375.86300000000017,68281.4,68287.9609122323
376.36300000000017,68298.1,68304.68615811305
376.74400000000014,68310.90000000001,68317.51801478083
377.1250000000001,68323.6,68330.15052720493
377.6250000000001,68340.3,68346.90659313944
377.9950000000001,68352.70000000001,68359.23571510454
378.4950000000001,68369.3,68375.86433036182
378.7480000000001,68377.8,68384.4095285271
378.9750000000001,68385.40000000001,68391.96216204652
379.23100000000005,68393.9,68400.5313990894
379.58000000000004,68405.6,68412.13981070259
379.999,68419.5,68426.15405769314
380.499,68436.3,68442.81148482679
380.999,68453.0,68459.6635885427
381.499,68469.7,68476.2345263965
381.87,68482.1,68488.77623170726
382.37,68498.8,68505.30266735655
382.698,68509.7,68516.35426642727
383.0,68519.8,68526.3179174155
383.5,68536.5,68543.22896037003
384.0,68553.2,68559.59823355694
384.5,68569.9,68576.81311852712
385.0,68586.6,68592.71988127938
385.5,68603.2,68610.04921249092
385.816,68613.7,68620.30735520409
385.998,68619.8,68626.34612383481
386.43899999999996,68634.5,68641.1089771031
386.73699999999997,68644.5,68651.0891496495
387.23699999999997,68661.1,68667.71448945721
387.73699999999997,68677.8,68684.37458307797
388.23699999999997,68694.5,68701.14119765567
388.73699999999997,68711.2,68717.72923867057
389.23699999999997,68727.9,68734.59216842156
389.73699999999997,68744.6,68751.08062573874
390.01,68753.7,68760.3285989708
390.259,68762.0,68768.56053274349
390.75100000000003,68778.4,68785.01675308608
391.25100000000003,68795.1,68801.67337820279
391.737,68811.3,68817.91587331834
392.237,68828.0,68834.56220236946
392.67600000000004,68842.6,68849.26315059737
393.17600000000004,68859.3,68865.74172689326
393.67600000000004,68875.9,68882.7012433725
394.12300000000005,68890.8,68897.05183779205
394.59600000000006,68906.5,68913.27229249079
394.89500000000004,68916.4,68922.85625549308
395.25600000000003,68928.4,68935.21942239611
395.75600000000003,68945.2,68951.4457896139
396.24600000000004,68961.40000000001,68968.30980873348
396.61800000000005,68973.8,68980.16224756808
396.96600000000007,68985.40000000001,68992.1367818802
397.30100000000004,68996.5,69003.0614741297
397.53100000000006,69004.2,69010.84124146613
398.03100000000006,69020.9,69027.43592003621
398.53100000000006,69037.5,69044.2026849036
399.03100000000006,69054.2,69060.62927322359
399.53100000000006,69070.8,69077.64835448698
400.03100000000006,69087.5,69093.69602230584
400.53100000000006,69104.1,69110.89500136669
400.8400000000001,69114.3,69120.78832745443
401.1470000000001,69124.59999999999,69131.34778732031
401.6010000000001,69139.70000000001,69146.07463638108
402.1010000000001,69156.3,69163.25741519556
402.6010000000001,69173.0,69179.05284491261
403.1010000000001,69189.5,69196.58094670376
403.47000000000014,69201.8,69208.28131185716
403.71200000000016,69209.90000000001,69216.54688905341
403.9830000000002,69218.9,69225.41338459228
404.4830000000002,69235.5,69242.23912727166
404.9830000000002,69252.20000000001,69258.58981570051
405.4830000000002,69268.8,69275.73473952927
405.9830000000002,69285.5,69291.59058566473
406.4830000000002,69302.0,69309.06170738046
406.86100000000016,69314.59999999999,69321.04889839093
407.11900000000014,69323.29999999999,69329.91421666332
407.34700000000015,69330.8,69337.38720574789
407.78000000000014,69345.2,69351.81590860907
408.28000000000014,69361.8,69368.37581212679
408.78000000000014,69378.4,69385.03575623232
409.28000000000014,69395.1,69401.65084389002
409.78000000000014,69411.7,69418.37992216797
410.28000000000014,69428.3,69434.78137638934
410.78000000000014,69444.9,69451.67309490878
411.28000000000014,69461.6,69467.82317632464
411.78000000000014,69478.0,69484.78620442463
412.07500000000016,69487.8,69494.25511491911
412.4110000000002,69499.0,69505.83345075398
412.9110000000002,69515.59999999999,69521.84051406599
413.4110000000002,69532.2,69539.36318514645
413.9110000000002,69548.90000000001,69555.05259187738
414.26000000000016,69560.5,69567.06348431713
414.45300000000015,69566.8,69573.36740996651
414.75600000000014,69576.9,69583.50267874404
414.97200000000015,69584.0,69590.59977031202
415.47200000000015,69600.59999999999,69607.20449989333
415.97200000000015,69617.2,69623.69222596122
416.41900000000015,69632.0,69638.624205854
416.67800000000017,69640.59999999999,69647.16615742486
417.17800000000017,69657.2,69663.85040275281
417.67800000000017,69673.8,69680.32051956597
418.17800000000017,69690.4,69697.11905515745
418.67800000000017,69707.0,69713.42377515584
419.17800000000017,69723.6,69730.40562304281
419.67800000000017,69740.20000000001,69746.70494407698
419.9250000000002,69748.40000000001,69755.03663721886
420.19300000000015,69757.3,69763.84749036026
420.69300000000015,69773.90000000001,69780.5594234437
421.19300000000015,69790.4,69796.89843812528
421.67000000000013,69806.2,69812.96305454777
422.17000000000013,69822.90000000001,69829.2371791032
422.67000000000013,69839.4,69846.35608268085
423.1390000000001,69855.0,69861.03478974139
423.6390000000001,69871.40000000001,69878.34091404242
423.9540000000001,69881.8,69888.33972117121
424.18400000000014,69889.5,69896.07133809723
424.38300000000015,69896.1,69902.71333593833
424.66000000000014,69905.2,69911.77944097802
425.16000000000014,69921.8,69928.3910762242
425.66000000000014,69938.4,69944.98197117398
426.01700000000017,69950.2,69956.83481972717
426.49600000000015,69966.09999999999,69972.61512119134
426.99600000000015,69982.6,69989.33486306634
427.49600000000015,69999.2,70005.49591658832
427.99300000000017,70015.59999999999,70022.24331558186
428.23600000000016,70023.5,70030.09191553229
428.48200000000014,70031.7,70038.31678742076
428.98200000000014,70048.29999999999,70054.8661445119
429.48200000000014,70064.8,70071.44362034828
429.98200000000014,70081.4,70087.93414859608
430.48200000000014,70097.90000000001,70104.60189449658
430.98200000000014,70114.8,70121.24391605887
431.48200000000014,70132.2,70139.05201393802
431.98200000000014,70149.7,70155.9629194512
432.38800000000015,70163.8,70170.28872795039
432.5500000000001,70169.4,70176.00650185272
432.7890000000001,70177.70000000001,70184.28980899607
433.2890000000001,70195.1,70201.65654204381
433.7890000000001,70212.5,70219.14104359502
434.1900000000001,70226.4,70232.89685429158
434.6900000000001,70243.8,70250.56573693968
435.1900000000001,70261.3,70267.6455595694
435.6900000000001,70278.59999999999,70285.58078171761
436.1900000000001,70296.1,70302.22227743191
436.6330000000001,70311.5,70318.39098024464
436.9520000000001,70322.5,70329.01438598194
437.2040000000001,70331.3,70337.97104805126
437.5650000000001,70343.9,70350.3884467595
438.0440000000001,70360.6,70367.38187673727
438.5440000000001,70378.0,70384.31670084296
439.0440000000001,70395.3,70402.31876374867
439.5440000000001,70412.8,70419.21466465773
439.8050000000001,70422.0,70428.6188008413
440.0170000000001,70429.3,70435.8638629774
440.4160000000001,70443.2,70449.8621943277
440.9160000000001,70460.6,70467.10060635494
441.4160000000001,70478.0,70484.75938272018
441.9160000000001,70495.4,70501.73883466239
442.4160000000001,70512.7,70519.71391570839
442.9160000000001,70530.2,70536.3053372389
443.3440000000001,70545.0,70551.8068421654
443.6240000000001,70554.6,70561.11797806378
443.89400000000006,70564.09999999999,70570.78193183515
444.2780000000001,70577.4,70583.87832173158
444.7780000000001,70594.8,70601.59662474271
445.2780000000001,70612.2,70618.48955004844
445.7780000000001,70629.5,70636.55921026542
446.26200000000006,70646.40000000001,70652.45343087084
446.68600000000004,70661.1,70667.77887693717
446.91800000000006,70669.0,70675.5958364094
447.13300000000004,70676.5,70683.11378735049
447.63300000000004,70693.9,70700.48035355221
448.13300000000004,70711.3,70717.93383815644
448.63300000000004,70728.7,70735.19301305203
449.07200000000006,70743.9,70750.55026743923
449.37200000000007,70754.2,70760.67422966707
449.87200000000007,70771.6,70778.30835149086
450.25300000000004,70784.79999999999,70791.23865793117
450.75300000000004,70802.09999999999,70808.94462104238
451.25300000000004,70819.5,70825.71641879037
451.75300000000004,70836.8,70844.02079344878
452.25300000000004,70854.3,70860.44817574824
452.58700000000005,70865.9,70872.51767981496
452.79100000000005,70872.90000000001,70879.48688861546
453.06700000000006,70882.5,70889.11893504417
453.56700000000006,70899.8,70906.37501234299
454.06700000000006,70917.2,70923.84249095267
454.56700000000006,70934.5,70941.03945176073
455.06700000000006,70951.9,70958.59761853183
455.56700000000006,70969.2,70975.64191464051
456.06700000000006,70986.6,70993.43778102448
456.56700000000006,71003.9,71010.13290589537
457.06700000000006,71021.2,71028.39232165892
457.56700000000006,71038.7,71044.82081670167
457.91800000000006,71050.9,71057.5316656566
458.13000000000005,71058.1,71064.69037733649
458.40000000000003,71067.5,71074.11547210511
458.90000000000003,71084.79999999999,71091.3784635066
459.40000000000003,71102.20000000001,71108.69308981673
459.77900000000005,71115.20000000001,71121.76335747135
459.9440000000001,71120.9,71127.50903278781
460.1670000000001,71128.59999999999,71135.18522571567
460.5410000000001,71141.6,71148.18968183604
460.86700000000013,71152.9,71159.525399858
461.36700000000013,71170.2,71176.75704162483
461.86700000000013,71187.5,71194.14548521697
462.36700000000013,71204.9,71211.43185733935
462.86700000000013,71222.2,71228.86211154118
463.36700000000013,71239.5,71246.02055754025
463.7670000000001,71253.3,71260.03120795995
464.2670000000001,71270.7,71277.09179495253
464.7670000000001,71287.90000000001,71294.50065309412
465.0530000000001,71297.79999999999,71304.40139535525
465.2520000000001,71304.7,71311.29842467688
465.7520000000001,71322.0,71328.58926047765
466.2520000000001,71339.3,71345.92196732474
466.7520000000001,71356.6,71363.15354952395
467.2520000000001,71373.90000000001,71380.45483609776
467.56100000000015,71384.5,71391.1183739437
468.06100000000015,71401.8,71408.36386963185
468.40300000000013,71413.7,71420.3065912841
468.68600000000015,71423.5,71430.07593259575
468.88500000000016,71430.3,71436.80001037789
469.2880000000002,71444.2,71450.8754108382
469.62300000000016,71455.8,71462.28803709544
470.12300000000016,71473.1,71479.87982645081
470.62300000000016,71490.4,71496.69812540164
471.12300000000016,71507.6,71514.67223989537
471.62300000000016,71525.0,71531.04393615869
472.04600000000016,71539.59999999999,71546.43460135814
472.32300000000015,71549.0,71555.55044486096
472.5550000000002,71557.1,71563.77692324623
473.0350000000002,71573.7,71580.17938666316
473.5350000000002,71591.0,71597.78533843432
474.0350000000002,71608.3,71614.52483157856
474.5350000000002,71625.5,71632.0630827921
474.7410000000002,71632.5,71639.09849633361
475.0120000000002,71641.9,71648.49570353806
475.5120000000002,71659.1,71665.70747243908
476.0120000000002,71676.4,71682.98779502761
476.5120000000002,71693.7,71700.32405639168
477.0120000000002,71711.0,71717.54503357188
477.5120000000002,71728.2,71734.88984826392
478.0120000000002,71745.5,71751.94351733563
478.5120000000002,71762.7,71769.54117036184
479.0120000000002,71780.1,71786.3233303237
479.5120000000002,71797.2,71804.40098495664
480.00700000000023,71814.4,71820.62573828419
480.31600000000026,71825.2,71831.78138919332
480.50300000000027,71831.5,71838.109834747
480.8490000000003,71843.5,71850.09323325256
481.3490000000003,71860.79999999999,71867.40851622778
481.8490000000003,71878.0,71884.57133249484
482.3490000000003,71895.3,71901.93211731831
482.8490000000003,71912.5,71918.99726431984
483.11400000000026,71921.6,71928.1780539145
483.26500000000027,71926.8,71933.39942287645
483.48400000000026,71934.3,71940.89298118063
483.7380000000003,71943.1,71949.71464425429
484.22900000000027,71960.0,71966.54947288844
484.72900000000027,71977.3,71983.98044516041
485.22900000000027,71994.5,72000.94776865213
485.72900000000027,72011.7,72018.53898027552
486.22900000000027,72029.0,72035.2203818767
486.72900000000027,72046.2,72053.41753777121
487.22900000000027,72063.59999999999,72069.73468001011
487.56600000000026,72075.2,72081.7894274981
487.76400000000024,72081.9,72088.50393343816
487.99400000000026,72089.8,72096.39751206861
488.49400000000026,72107.1,72113.62542621171
488.99400000000026,72124.3,72130.85808582575
489.22000000000025,72132.0,72138.62168270368
489.62800000000027,72146.1,72152.64223331587
490.12800000000027,72163.3,72169.91698863334
490.62800000000027,72180.5,72187.06921574142
490.9350000000003,72191.0,72197.64715907993
491.4350000000003,72208.3,72214.79453059033
491.9350000000003,72225.5,72232.27347747002
492.4350000000003,72242.7,72249.01052783722
492.9350000000003,72259.90000000001,72266.96696100364
493.4350000000003,72277.20000000001,72283.43091571998
493.76500000000027,72288.59999999999,72295.19119388556
493.95600000000024,72295.1,72301.70921183204
494.2740000000002,72306.0,72312.5784631865
494.7740000000002,72323.2,72329.81480345466
495.2740000000002,72340.4,72346.95649697652
495.7050000000002,72355.3,72361.92772465084
496.0860000000002,72368.4,72374.90618839125
496.5860000000002,72385.5,72392.14052047553
496.9190000000002,72397.0,72403.567650533
497.2820000000002,72409.40000000001,72416.04229585415
497.7820000000002,72426.70000000001,72433.22089505625
498.2820000000002,72443.8,72450.52965548796
498.7820000000002,72461.1,72467.46728405282
499.2820000000002,72478.2,72485.18275709757
499.7820000000002,72495.5,72501.49592427142
500.2820000000002,72512.5,72519.35597592196
500.5680000000002,72522.2,72528.7383390346
500.7940000000002,72530.1,72536.68794870884
500.9650000000002,72535.90000000001,72542.51647817623
501.4650000000002,72553.09999999999,72559.67210303714
501.9650000000002,72570.3,72576.9155014866
502.4650000000002,72587.5,72594.0641109951
502.9130000000002,72602.9,72609.53198848915
503.3650000000002,72618.4,72624.9523616164
503.8650000000002,72635.6,72642.18166263642
504.2930000000002,72650.3,72656.92492689719
504.71000000000015,72664.59999999999,72671.1592403992
505.21000000000015,72681.8,72688.46252284816
505.71000000000015,72699.0,72705.47093570922
506.18600000000015,72715.3,72722.00038623094
506.54900000000015,72727.70000000001,72734.20437999812
506.91000000000014,72740.09999999999,72746.83416467752
507.37600000000015,72756.1,72762.49172679594
507.87600000000015,72773.29999999999,72780.22628308553
508.37600000000015,72790.5,72796.57289342316
508.87600000000015,72807.5,72814.6066458773
509.2520000000001,72820.4,72826.85530837179
509.4970000000001,72828.9,72835.47124730413
509.68200000000013,72835.2,72841.81390144106
509.96700000000016,72845.0,72851.56891315995
510.2520000000002,72854.8,72861.44002342258
510.6430000000002,72868.2,72874.72854420946
511.1430000000002,72885.40000000001,72892.11307553995
511.6430000000002,72902.5,72908.91948240054
512.1430000000003,72919.7,72926.59432813342
512.6430000000003,72936.90000000001,72943.03018455133
513.1430000000003,72953.9,72960.66087289661
513.4290000000002,72963.59999999999,72970.19163806169
513.6340000000002,72970.7,72977.31681088882
514.1340000000002,72987.8,72994.37582359476
514.6340000000002,73005.0,73011.64050551917
515.1340000000002,73022.1,73028.57675864962
515.6340000000002,73039.20000000001,73045.8394913686
515.9350000000003,73049.5,73055.97872651162
516.4350000000003,73066.6,73073.18157187186
516.6830000000003,73075.09999999999,73081.6892297517
516.8300000000004,73080.1,73086.70720699815
517.0700000000004,73088.3,73094.86206042244
517.3580000000004,73098.2,73104.80500706143
517.5810000000004,73105.8,73112.40203875808
518.0810000000004,73122.90000000001,73129.47864024369
518.5810000000004,73140.0,73146.63983907111
519.0810000000004,73157.2,73163.7389747851
519.5810000000004,73174.3,73181.00616074435
520.0810000000004,73191.5,73197.94008149253
520.5810000000004,73208.6,73215.45881633574
521.0810000000004,73225.7,73231.89415543071
521.5650000000004,73242.2,73249.1551578481
521.9270000000004,73254.6,73261.07248313949
522.1830000000003,73263.4,73270.09500182705
522.5070000000003,73274.5,73280.95994322377
522.9570000000003,73289.9,73296.5367018683
523.2600000000003,73300.2,73306.75283702486
523.7010000000004,73315.3,73321.92795534417
524.1420000000004,73330.4,73336.95853929795
524.4480000000004,73340.9,73347.5723281288
524.9480000000004,73358.0,73364.4798801198
525.4480000000004,73375.09999999999,73381.88888448811
525.9480000000004,73392.3,73398.59485220035
526.4480000000004,73409.3,73416.32978838836
526.9140000000004,73425.3,73431.55584013072
527.2580000000005,73437.09999999999,73443.87921200815
527.5480000000005,73446.90000000001,73453.38273923818
527.8540000000005,73457.5,73464.17736536896
528.1790000000005,73468.6,73475.08079128104
528.6790000000005,73485.6,73492.35423278018
529.1790000000005,73502.8,73509.25526654399
529.5190000000006,73514.4,73521.11000817028
529.8530000000005,73525.8,73532.22201890593
530.3530000000005,73542.8,73549.68776711087
530.8530000000005,73560.0,73566.14185251345
531.3530000000005,73577.0,73584.0027066111
531.7200000000005,73589.5,73595.93001039104
531.9920000000005,73598.90000000001,73605.61981735169
532.3120000000006,73609.79999999999,73616.21401963751
532.7700000000006,73625.40000000001,73632.02230129071
533.0400000000005,73634.6,73641.13125621968
533.5400000000005,73651.59999999999,73658.25611199258
533.9360000000005,73665.09999999999,73671.5843100921
534.4360000000005,73682.2,73688.95455090477
534.8950000000004,73697.90000000001,73704.2576330195
535.3950000000004,73714.9,73721.88420894864
535.8950000000004,73732.1,73738.38389614857
536.2330000000004,73743.6,73750.31623887597
536.4940000000004,73752.5,73758.98352801098
536.8750000000003,73765.5,73772.1893431865
537.2470000000003,73778.2,73784.66434087732
537.7470000000003,73795.2,73801.74983352472
538.0450000000003,73805.3,73811.90352155002
538.2360000000003,73811.8,73818.38984738379
538.7360000000003,73828.9,73835.51939425591
539.2360000000003,73846.0,73852.53586985356
539.7360000000003,73863.0,73869.55118054789
539.9920000000003,73871.7,73878.30833188315
540.1980000000003,73878.7,73885.29468347436
540.6980000000003,73895.8,73902.39591947144
541.1980000000003,73912.8,73919.28090115526
541.6980000000003,73929.8,73936.34892451894
541.8960000000003,73936.6,73943.2130327543
542.3960000000003,73953.59999999999,73960.17887472062
542.7570000000003,73965.9,73972.53998707619
543.2570000000003,73983.0,73989.53863706053
543.7570000000003,74000.0,74006.71012752141
544.2570000000003,74017.1,74023.52875616516
544.7570000000003,74034.1,74040.9706969149
545.2570000000003,74051.2,74057.63465098856
545.5080000000003,74059.79999999999,74066.37237832924
545.6630000000002,74065.09999999999,74071.72233801942
546.0270000000003,74077.5,74084.05598627639
546.3100000000003,74087.09999999999,74093.69911216346
546.5190000000002,74094.2,74100.81025595455
547.0190000000002,74111.3,74117.87961590354
547.5190000000002,74128.3,74134.91271930166
548.0190000000002,74145.3,74151.8608447494
548.4420000000002,74159.79999999999,74166.45763752087
548.9420000000002,74176.8,74183.31371547798
549.4420000000002,74193.8,74200.51362519083
549.9420000000002,74210.90000000001,74217.32138671016
550.4270000000002,74227.4,74234.2671268739
550.9270000000002,74244.5,74250.87834972955
551.2520000000003,74255.5,74262.1824205416
551.5120000000003,74264.3,74270.76717951312
552.0120000000003,74281.3,74288.09898889971
552.5120000000003,74298.40000000001,74304.67790331936
553.0120000000003,74315.4,74322.23035142207
553.3690000000003,74327.5,74333.90856663194
553.7200000000003,74339.4,74346.05643321888
553.9980000000003,74348.90000000001,74355.48960060452
554.2110000000002,74356.1,74362.69720920752
554.7110000000002,74373.1,74379.68424801108
555.1480000000003,74388.0,74394.63147268484
555.6480000000003,74405.0,74411.54759792578
556.1480000000003,74422.0,74428.65885647203
556.6480000000003,74439.0,74445.46895023203
556.8270000000002,74445.1,74451.62572656604
556.9090000000002,74447.90000000001,74454.56786624905
557.2610000000002,74459.79999999999,74466.29503961599
557.7610000000002,74476.8,74483.56666594607
558.2610000000002,74493.9,74500.32368395597
558.5880000000002,74505.0,74511.57596991694
558.7670000000002,74511.0,74517.62967028252
559.2030000000002,74525.9,74532.41028394876
559.7030000000002,74542.8,74549.48546626358
560.0990000000002,74556.3,74562.77016872962
560.5990000000002,74573.29999999999,74580.11701291459
561.0990000000002,74590.3,74596.47357107478
561.5940000000002,74607.0,74613.51602015553
561.7810000000002,74613.3,74619.8872578605
561.9460000000001,74618.8,74625.43031246931
562.4460000000001,74635.79999999999,74642.31452646517
562.9460000000001,74652.8,74659.49703272847
563.3700000000001,74667.2,74673.64631395218
563.8700000000001,74684.3,74690.95999206761
564.2300000000001,74697.1,74703.6861451939
564.4600000000002,74705.3,74711.86898862092
564.9600000000002,74723.2,74729.83425883211
565.3800000000001,74738.2,74744.71469724318
565.8800000000001,74756.0,74762.60812591577
566.1920000000001,74767.2,74773.8018135716
566.5420000000001,74779.7,74786.2920420173
567.0420000000001,74797.5,74804.05072942126
567.3840000000001,74809.7,74816.37262124024
567.8380000000001,74825.9,74832.36092493193
568.3320000000001,74843.6,74850.42977568913
568.8320000000001,74861.5,74867.92474780118
569.0920000000001,74870.8,74877.40922003465
569.296,74878.0,74884.54934780952
569.783,74895.4,74902.06450117387
570.234,74911.5,74917.98806035549
570.734,74929.3,74936.08549681518
571.234,74947.2,74953.60262890058
571.537,74958.0,74964.63328153247
571.7560000000001,74965.8,74972.35201883916
572.2560000000001,74983.6,74990.28517860099
572.7560000000001,75001.5,75007.95558353669
573.2560000000001,75019.3,75026.1065509375
573.7560000000001,75037.2,75043.59482649872
574.118,75050.09999999999,75056.80432759359
574.4090000000001,75060.40000000001,75066.87378872649
574.8430000000001,75075.9,75082.67097020787
575.3430000000001,75093.8,75100.12529465294
575.8430000000001,75111.5,75118.49549049206
576.3430000000001,75129.4,75135.82928688456
576.5980000000001,75138.59999999999,75145.26410787525
576.902,75149.40000000001,75155.96500975371
577.215,75160.6,75167.25494971577
577.715,75178.4,75184.92093307027
578.215,75196.2,75202.94008051763
578.715,75214.09999999999,75220.46496084714
579.215,75231.8,75238.79721944049
579.715,75249.8,75255.93153358088
580.102,75263.5,75270.09444431735
580.295,75270.2,75276.79848401538
580.5759999999999,75280.3,75286.90990093167
581.0479999999999,75297.1,75303.69326371489
581.5479999999999,75314.9,75321.51950166316
582.0479999999999,75332.7,75339.24952047237
582.5479999999999,75350.5,75357.18650030148
583.0479999999999,75368.4,75374.82470975816
583.5479999999999,75386.1,75392.74961077787
583.8419999999999,75396.5,75403.07536028708
584.1549999999999,75407.7,75414.33325727964
584.6549999999999,75425.5,75432.0418354562
585.1549999999999,75443.3,75449.98598248277
585.6549999999999,75461.1,75467.56638537467
586.1549999999999,75478.9,75485.58494452431
586.5759999999999,75493.8,75500.3573014227
586.8399999999999,75503.3,75509.93290701516
587.17,75515.0,75521.54812054812
587.67,75532.8,75539.49240454908
588.17,75550.59999999999,75557.05139660592
588.67,75568.4,75574.95542824228
588.939,75577.9,75584.49173613772
589.091,75583.3,75589.91354947079
589.591,75601.09999999999,75607.6826696235
590.091,75618.9,75625.53396512043
590.591,75636.7,75643.2388741695
591.091,75654.4,75661.1011276297
591.591,75672.2,75678.63155630627
592.091,75690.0,75696.87765405602
592.591,75707.8,75713.94793155899
593.091,75725.5,75732.1990235629
593.354,75734.7,75741.32427473798
593.4770000000001,75739.09999999999,75745.63181119676
593.9770000000001,75756.8,75763.5192870652
594.4770000000001,75774.7,75781.11391716036
594.9770000000001,75792.4,75799.31809172372
595.4770000000001,75810.2,75816.28236844353
595.9770000000001,75827.9,75835.09060470223
596.3810000000001,75842.2,75848.62912771417
596.623,75851.0,75857.60743848291
596.8240000000001,75858.0,75864.60077693687
597.1150000000001,75868.4,75874.98006466003
597.4510000000001,75880.3,75886.9274146967
597.8460000000001,75894.4,75900.92485850262
598.1810000000002,75906.2,75912.83641897564
598.4520000000001,75915.8,75922.35127496703
598.9520000000001,75933.6,75940.28148818799
599.4520000000001,75951.4,75957.87200795567
599.9520000000001,75969.1,75975.83091642492
600.4160000000002,75985.5,75992.01341101412
600.6960000000001,75995.5,76002.24365960034
601.1930000000001,76013.2,76019.5597914186
601.6550000000001,76029.5,76036.2171804411
601.9580000000001,76040.20000000001,76046.66749874664
602.3650000000001,76054.7,76061.52414991571
602.8650000000001,76072.5,76078.72742659619
603.3650000000001,76090.09999999999,76097.31821964521
603.8650000000001,76108.0,76114.28557372604
604.1410000000001,76117.9,76124.47254004958
604.3130000000001,76123.90000000001,76130.54104483331
604.714,76138.2,76144.70265884257
605.214,76155.9,76162.56488616845
605.5790000000001,76168.8,76175.34038827181
605.9420000000001,76181.7,76188.33075600292
606.3000000000001,76194.3,76200.86715518028
606.5190000000001,76202.09999999999,76208.73578601827
607.0190000000001,76219.8,76226.29407579626
607.2480000000002,76227.9,76234.50888659935
607.4700000000001,76235.79999999999,76242.38078242658
607.9700000000001,76253.5,76260.06056235995
608.3320000000001,76266.3,76272.96190136774
608.8320000000001,76284.0,76290.47008053672
609.3320000000001,76301.70000000001,76308.27464992864
609.594,76310.90000000001,76317.47171394025
610.094,76328.59999999999,76335.241107681
610.532,76344.1,76350.60977064974
611.032,76361.8,76368.55544842791
611.532,76379.6,76385.94937836821
612.032,76397.2,76404.22552890243
612.532,76415.09999999999,76421.06375548521
613.0070000000001,76431.8,76438.67714582774
613.2850000000001,76441.5,76448.07007706397
613.4900000000001,76448.8,76455.42079683804
613.7890000000001,76459.40000000001,76465.95343439867
614.2890000000001,76477.09999999999,76483.7840280769
614.7890000000001,76494.8,76501.24548570841
615.2890000000001,76512.40000000001,76519.26104486275
615.7890000000001,76530.2,76536.36027277884
616.2890000000001,76547.79999999999,76554.75912065763
616.6380000000001,76560.1,76566.63539314053
616.8540000000002,76567.8,76574.4003889176
617.0490000000002,76574.7,76581.304461405
617.4080000000002,76587.5,76594.0301424831
617.8920000000003,76604.5,76611.16053943356
618.2500000000002,76617.2,76623.61483462373
618.7060000000002,76633.3,76639.95535258764
618.9620000000002,76642.3,76648.86254410361
619.3000000000002,76654.2,76660.87125838507
619.8000000000002,76671.90000000001,76678.38602193978
620.3000000000002,76689.59999999999,76696.40078288916
620.8000000000002,76707.3,76713.55897297773
621.3000000000002,76724.90000000001,76732.02438538606
621.7700000000002,76741.6,76747.74974466054
622.1210000000002,76754.1,76760.75301838931
622.3380000000002,76761.6,76768.16006195622
622.6300000000002,76771.90000000001,76778.5759369811
623.1290000000002,76789.59999999999,76796.0513709496
623.6290000000002,76807.2,76814.03115036887
624.1090000000003,76824.2,76830.42822304941
624.6090000000003,76841.8,76848.9893478482
625.0980000000003,76859.2,76865.37127395564
625.4220000000003,76870.7,76877.34675970051
625.6330000000003,76878.09999999999,76884.69325709823
625.8610000000002,76886.2,76892.8226056948
626.3610000000002,76903.8,76910.3519722839
626.8610000000002,76921.5,76928.18284944854
627.3610000000002,76939.20000000001,76945.66866663855
627.8610000000002,76956.8,76963.60899785259
628.3610000000002,76974.5,76980.75208663734
628.8610000000002,76992.1,76998.9188392762
629.1940000000002,77003.7,77010.16949449886
629.4960000000002,77014.5,77021.32044568645
629.9960000000002,77032.2,77038.42438766304
630.4960000000002,77049.7,77056.90509459969
630.9760000000002,77066.8,77072.98476827609
631.2880000000002,77077.9,77084.53236441103
631.4940000000003,77085.0,77091.58962495458
631.6310000000002,77089.9,77096.50436056458
631.8110000000001,77096.2,77102.80119679368
632.2950000000002,77113.3,77119.90598384217
632.7950000000002,77131.0,77137.57842208474
633.2950000000002,77148.6,77155.16526371439
633.6430000000001,77160.90000000001,77167.54175918527
634.0170000000002,77174.0,77180.53113851267
634.5170000000002,77191.7,77198.35113540391
635.0170000000002,77209.3,77215.8443137801
635.3240000000002,77220.1,77226.77483539922
635.7320000000002,77234.5,77240.94952962764
636.2320000000002,77252.09999999999,77258.7083981496
636.5070000000002,77261.8,77268.40186081709
636.7570000000002,77270.6,77277.20246970268
637.2570000000002,77288.2,77294.7928779627
637.7570000000002,77305.8,77312.41933417512
638.2570000000002,77323.5,77330.04856017444
638.7570000000002,77341.09999999999,77347.66413853606
639.0510000000002,77351.4,77358.04056280879
639.5150000000002,77367.8,77374.33723839142
640.0150000000002,77385.40000000001,77392.09729458572
640.5150000000002,77403.0,77409.47162840367
640.8170000000002,77413.7,77420.27272567037
640.9790000000003,77419.3,77425.92358967464
641.3060000000003,77430.8,77437.36670491248
641.8060000000003,77448.5,77455.16542222434
642.3060000000003,77466.09999999999,77472.55091394644
642.8060000000003,77483.6,77490.4540666981
643.3060000000003,77501.3,77507.48851132336
643.8060000000003,77518.8,77526.01039492644
644.2730000000003,77535.40000000001,77541.59071612534
644.5800000000003,77546.3,77552.88184067025
644.7610000000003,77552.5,77559.08226678919
644.9740000000003,77560.0,77566.61525857993
645.4740000000003,77577.59999999999,77584.18038760684
645.9740000000003,77595.2,77601.72764180764
646.3670000000003,77609.0,77615.62949136751
646.6240000000003,77618.0,77624.56514855949
647.1240000000003,77635.6,77642.2566865905
647.6240000000003,77653.2,77659.70647447796
648.1240000000003,77670.8,77677.47364626746
648.6240000000003,77688.4,77694.93758347009
648.8900000000002,77697.79999999999,77704.45375084867
649.3900000000002,77715.4,77721.92146028075
649.8900000000002,77732.9,77739.59250765237
650.3900000000002,77750.5,77756.96293366638
650.8590000000003,77767.0,77773.83753929175
651.3590000000003,77784.7,77790.89632281281
651.8590000000003,77802.09999999999,77809.19620430518
652.2750000000003,77816.8,77823.0968348178
652.5650000000003,77827.09999999999,77833.75908530176
652.7910000000003,77834.90000000001,77841.42957920267
653.2070000000003,77849.59999999999,77856.31521702386
653.7070000000003,77867.2,77873.59940612102
654.2070000000003,77884.7,77891.64197391209
654.7070000000003,77902.3,77908.34026461851
655.2070000000003,77919.8,77926.9424581757
655.5740000000003,77932.7,77939.18235971175
655.7970000000003,77940.59999999999,77947.20530972535
655.9880000000003,77947.29999999999,77953.89853625877
656.3560000000003,77960.2,77966.7597031394
656.6720000000004,77971.3,77977.93639631172
657.0010000000003,77982.9,77989.43603151855
657.5010000000003,78000.40000000001,78006.95883578152
657.8080000000003,78011.1,78017.7173894206
658.0520000000004,78019.7,78026.28180649712
658.5520000000004,78037.3,78043.94094475407
659.0520000000004,78054.8,78061.26549124757
659.3940000000003,78066.8,78073.43209186936
659.6180000000004,78074.59999999999,78081.14946151245
660.1180000000004,78092.2,78098.8883710878
660.6180000000004,78109.79999999999,78116.25843544622
661.1180000000004,78127.3,78134.09690526869
661.6180000000004,78144.9,78151.38946813603
661.8250000000004,78152.09999999999,78158.66194234717
661.9440000000004,78156.3,78162.97460209054
662.4440000000004,78173.90000000001,78180.35556397721
662.9440000000004,78191.4,78198.09525013201
663.2980000000005,78203.8,78210.31139853099
663.6760000000005,78217.0,78223.72623782442
664.1760000000005,78234.6,78241.03099278966
664.5910000000005,78249.1,78255.95706891252
665.0530000000005,78265.4,78271.58516486379
665.5530000000005,78282.8,78289.99962490778
666.0100000000004,78299.0,78305.36749288396
666.2640000000005,78308.0,78314.57615580487
666.4340000000004,78313.9,78320.54544949152
666.9340000000004,78331.4,78337.88403783702
667.4340000000004,78348.90000000001,78355.70883124473
667.9340000000004,78366.5,78372.73030399154
668.4340000000004,78383.90000000001,78390.792534119
668.7760000000004,78395.9,78402.43876972955
668.9920000000004,78403.5,78410.12615879306
669.2390000000004,78412.2,78418.76876809174
669.7390000000004,78429.7,78436.32431949893
670.2390000000004,78447.2,78453.67024327224
670.4230000000003,78453.59999999999,78460.15711344965
670.5690000000003,78458.7,78465.32630285012
670.8600000000004,78468.9,78475.46899630845
671.2500000000003,78482.6,78489.25339786735
671.7500000000003,78500.09999999999,78506.58096123883
672.1180000000004,78513.0,78519.64092524486
672.3670000000004,78521.7,78528.27257532548
672.6660000000004,78532.2,78538.85680259098
673.1660000000004,78549.7,78556.19866649722
673.6660000000004,78567.2,78573.7792806052
673.9570000000004,78577.3,78583.90534622688
674.1560000000004,78584.3,78590.89856556008
674.6200000000005,78600.5,78607.0887869749
675.1200000000005,78618.0,78624.5936011793
675.5610000000005,78633.5,78640.09828174178
675.9520000000005,78647.2,78653.75212081798
676.1970000000005,78655.7,78662.31431513725
676.4160000000005,78663.4,78669.98942920566
676.9160000000005,78680.9,78687.49787262082
677.4160000000005,78698.40000000001,78705.00995493501
677.9160000000005,78715.9,78722.49299013209
678.4160000000005,78733.4,78739.99417700715
678.9160000000005,78750.9,78757.49536383201
679.3820000000005,78767.2,78773.81826971883
679.8820000000005,78784.7,78791.27226294093
680.3820000000005,78802.20000000001,78808.84978471092
680.8820000000005,78819.7,78826.20953219496
681.3820000000005,78837.2,78843.89601253513
681.8240000000005,78852.59999999999,78859.11534144003
682.1100000000005,78862.7,78869.33933458079
682.3710000000004,78871.8,78878.32384868026
682.6440000000005,78881.3,78887.96613980812
683.1440000000005,78898.8,78905.29317768206
683.3230000000004,78905.1,78911.65864149533
683.4390000000004,78909.1,78915.76438992142
683.9390000000004,78926.59999999999,78933.08782155637
684.4390000000004,78944.0,78950.67408467311
684.8180000000004,78957.3,78963.76825610087
685.3180000000004,78974.7,78981.53432761403
685.8180000000004,78992.2,78998.40693042142
686.3180000000004,79009.6,79016.55943672733
686.6860000000005,79022.40000000001,79028.82226015291
686.9640000000005,79032.2,79038.88012209065
687.2540000000005,79042.3,79048.83164810383
687.6130000000005,79054.8,79061.46338549459
688.0590000000005,79070.4,79076.87575771217
688.5590000000005,79087.8,79094.62374696559
689.0590000000005,79105.4,79111.61766239465
689.5590000000005,79122.7,79129.3899778438
689.8270000000006,79132.0,79138.59935095406
690.0230000000006,79138.8,79145.40708869616
690.5230000000006,79156.3,79162.89735350374
691.0230000000006,79173.8,79180.36582811603
691.5230000000006,79191.2,79197.81791740765
691.8920000000006,79204.1,79210.67149393326
692.3920000000006,79221.5,79228.13820708435
692.8920000000006,79239.0,79245.52307555068
693.2550000000007,79251.70000000001,79258.35121516995
693.5540000000007,79262.09999999999,79268.62823563011
694.0540000000007,79279.5,79286.14579527896
694.5540000000007,79296.90000000001,79303.42693493464
694.7690000000007,79304.5,79311.12923240519
695.0960000000007,79315.8,79322.38263380883
695.3570000000007,79325.0,79331.60873678731
695.6390000000007,79334.79999999999,79341.34033277082
696.1390000000007,79352.20000000001,79358.91303130698
696.6390000000007,79369.7,79376.11634179587
697.1390000000007,79387.09999999999,79394.02277879902
697.6390000000007,79404.6,79410.67135571109
698.1390000000007,79421.90000000001,79429.08895932777
698.5310000000007,79435.6,79442.10358312163
698.7420000000008,79443.1,79449.68390652501
698.8990000000008,79448.5,79455.13897801728
699.3990000000008,79465.9,79472.36945977663
699.7040000000007,79476.5,79483.06795663346
699.8530000000007,79481.7,79488.34122444542
700.3530000000007,79499.3,79505.82229184639
700.8530000000007,79517.6,79524.28394558717
701.3070000000007,79534.3,79540.77035842014
701.7970000000007,79552.20000000001,79559.02647848784
702.2970000000007,79570.6,79576.80475619792
702.7970000000007,79588.8,79595.43749439121
703.0390000000007,79597.6,79604.1687808914
703.3100000000006,79607.5,79614.16072165009
703.8100000000006,79625.8,79632.29808187264
704.3100000000006,79644.1,79650.88469933251
704.8100000000006,79662.5,79668.75309639046
705.3100000000006,79680.7,79687.43184087529
705.5860000000006,79690.7,79697.24226761691
705.8600000000006,79700.8,79707.49641242162
706.3600000000006,79719.1,79725.55002228553
706.7330000000006,79732.7,79739.398582672
707.0370000000006,79743.8,79750.25524931606
707.4930000000006,79760.5,79767.24467696882
707.9930000000006,79778.8,79785.3263269077
708.1910000000006,79786.0,79792.59960645367
708.3750000000006,79792.8,79799.41467189965
708.8750000000006,79811.1,79817.66846811246
709.3750000000006,79829.4,79836.0647403365
709.8750000000006,79847.7,79854.20186450468
710.3750000000006,79866.0,79872.77778007944
710.8750000000006,79884.3,79890.58856218534
711.3750000000006,79902.5,79909.64794144902
711.8750000000006,79920.9,79926.90534359863
712.2620000000005,79935.1,79941.73154413531
712.4630000000005,79942.3,79948.90641802721
712.6370000000005,79948.7,79955.28128439446
712.8130000000006,79955.1,79961.7109305523
713.0540000000005,79963.9,79970.49324830703
713.5540000000005,79982.2,79988.82006193709
714.0540000000005,80000.5,80007.06649935698
714.5540000000005,80018.7,80025.3554969579
715.0540000000005,80037.0,80043.51434363847
715.5540000000005,80055.3,80062.02420987292
716.0540000000005,80073.6,80079.97226455137
716.5540000000005,80091.8,80098.39813052335
716.8050000000005,80100.9,80107.44037423475
717.2870000000005,80118.4,80124.97798443491
717.5310000000005,80127.3,80133.90781421588
718.0310000000005,80145.6,80152.16519531162
718.3780000000005,80158.3,80164.96489762275
718.8780000000005,80176.5,80182.9510127732
719.3780000000005,80194.8,80201.67109634173
719.8780000000005,80213.09999999999,80219.22841394172
720.3780000000005,80231.2,80238.45972737533
720.8170000000005,80247.29999999999,80253.67626095077
721.0610000000005,80256.4,80263.00178771252
721.2470000000005,80263.09999999999,80269.70955557315
721.6950000000005,80279.5,80286.09234978048
722.1950000000005,80297.7,80304.27163018593
722.6950000000005,80316.0,80322.63875403102
723.1200000000005,80331.5,80338.04832278489
723.6200000000005,80349.7,80356.39989328345
724.1200000000005,80368.0,80374.42369490968
724.6200000000005,80386.2,80392.90235769881
724.9650000000005,80398.8,80405.21846436983
725.4650000000005,80416.9,80423.64879369883
725.8410000000005,80430.6,80437.0169084179
726.2640000000005,80446.1,80453.01099509084
726.7640000000005,80464.4,80470.49457931142
727.2500000000005,80482.0,80489.17842578754
727.6420000000005,80496.3,80502.7175396129
727.8820000000005,80505.2,80511.82569480361
728.0880000000005,80512.59999999999,80519.15662217175
728.5880000000005,80530.9,80537.56785767969
729.0880000000005,80549.1,80555.57164908154
729.5880000000005,80567.3,80574.08128284143
730.0880000000005,80585.6,80592.00162809153
730.4630000000005,80599.2,80605.79893196431
730.6880000000006,80607.3,80613.90680171407
730.9090000000006,80615.4,80621.99634082531
731.4090000000006,80633.6,80640.190218132
731.9090000000006,80651.9,80658.32758296322
732.0740000000005,80657.8,80664.3078134273
732.1940000000005,80662.2,80668.81044520164
732.4300000000005,80670.7,80677.29267337693
732.9050000000005,80688.09999999999,80694.66087862618
733.3510000000006,80704.3,80710.92058284883
733.6800000000005,80716.3,80722.87371133459
734.1800000000005,80734.5,80741.15569721871
734.6800000000005,80752.70000000001,80759.17762194805
735.1800000000005,80770.9,80777.539716627
735.4930000000005,80782.2,80788.74513476857
735.9540000000005,80799.0,80805.68952063743
736.4540000000005,80817.2,80823.6382483722
736.9540000000005,80835.40000000001,80842.28548923506
737.4540000000005,80853.7,80859.76907484775
737.9540000000005,80871.7,80878.49829672373
738.2160000000005,80881.1,80887.69191208745
738.4100000000004,80888.2,80894.81441031932
738.7620000000004,80901.09999999999,80907.68589598362
739.2620000000004,80919.3,80925.78844138239
739.7260000000005,80936.1,80942.65157150198
739.9090000000004,80942.7,80949.31801885343
740.2570000000004,80955.3,80961.8638108561
740.7570000000004,80973.5,80980.17164742526
741.2570000000004,80991.7,80998.09516100855
741.7570000000004,81009.79999999999,81016.63757040827
742.1450000000004,81023.90000000001,81030.12838301052
742.5970000000004,81040.3,81047.15462133949
742.9100000000004,81051.59999999999,81058.14084265425
743.1260000000004,81059.5,81066.11471249939
743.3400000000005,81067.3,81073.8565077314
743.7100000000005,81080.7,81087.33083625663
744.2100000000005,81098.90000000001,81105.42930601838
744.4590000000005,81108.0,81114.61791714682
744.6700000000005,81115.59999999999,81122.18534102332
745.1700000000005,81133.8,81140.43803770335
745.6700000000005,81152.0,81158.54374243725
746.1700000000005,81170.2,81176.65373877608
746.4450000000005,81180.1,81186.67489663791
746.5920000000006,81185.40000000001,81192.05621484779
747.0920000000006,81203.59999999999,81210.11054572412
747.5920000000006,81221.7,81228.30702195354
747.9560000000006,81234.90000000001,81241.49685835722
748.1910000000006,81243.5,81250.11581902338
748.6910000000006,81261.6,81268.16556135252
749.1910000000006,81279.8,81286.45509302264
749.6910000000006,81298.0,81304.51667377383
750.1910000000006,81316.09999999999,81322.79079175928
750.6910000000006,81334.3,81340.81537415476
750.9570000000006,81343.9,81350.50034546437
751.1420000000005,81350.59999999999,81357.2044655643
751.6420000000005,81368.8,81375.36156314408
752.1260000000005,81386.3,81392.98065158809
752.6260000000005,81404.5,81410.97610837693
753.1260000000005,81422.6,81429.42828339129
753.6260000000005,81440.9,81447.11854749227
754.1260000000005,81458.90000000001,81466.12192136493
754.6060000000006,81476.5,81482.86453459774
754.8470000000005,81485.29999999999,81491.85815503128
754.9950000000006,81490.7,81497.33211476296
755.3060000000006,81501.9,81508.44089704771
755.8060000000006,81520.1,81526.72298163227
756.1970000000006,81534.2,81540.75400038135
756.6970000000006,81552.4,81558.95885584765
757.0020000000005,81563.4,81570.0073917317
757.2120000000006,81571.0,81577.5821177761
757.7120000000006,81589.09999999999,81595.7349050451
758.2120000000006,81607.3,81613.84407710515
758.7120000000006,81625.40000000001,81632.10396415798
759.2120000000006,81643.5,81649.90772833451
759.7120000000006,81661.6,81668.52353767154
760.2120000000006,81679.8,81686.06199828295
760.5760000000006,81693.0,81699.92569333084
760.9470000000006,81706.5,81712.94446796572
761.2180000000005,81716.3,81722.89161022169
761.4160000000005,81723.5,81730.11051215748
761.6430000000005,81731.7,81738.29630068455
762.1430000000005,81749.8,81756.39748355048
762.6430000000005,81767.9,81774.51342022751
763.1430000000005,81786.1,81792.68143319016
763.6430000000005,81804.2,81810.81210621179
764.1430000000005,81822.29999999999,81828.87274688564
764.5870000000004,81838.4,81845.05131679671
765.0870000000004,81856.5,81863.01986644656
765.5870000000004,81874.59999999999,81881.35034374315
766.0870000000004,81892.7,81899.04374369266
766.5870000000004,81910.79999999999,81917.71418279497
767.0170000000004,81926.4,81932.93171344683
767.2030000000004,81933.2,81939.79101694234
767.3950000000004,81940.09999999999,81946.70991696745
767.8950000000004,81958.2,81964.79264539859
768.3950000000004,81976.3,81982.91597603186
768.8950000000004,81994.4,82000.983939343
769.3950000000004,82012.5,82019.13683641888
769.8950000000004,82030.6,82037.10541271856
770.3950000000004,82048.7,82055.25799569399
770.6420000000004,82057.6,82064.221288684
771.1420000000004,82075.7,82082.23767506228
771.3930000000004,82084.7,82091.3045772578
771.5770000000003,82091.4,82098.0050137841
772.0770000000003,82109.5,82116.10249880055
772.5770000000003,82127.59999999999,82134.19259888578
773.0770000000003,82145.7,82152.29746782944
773.5770000000003,82163.7,82170.27280847971
773.9780000000003,82178.3,82184.96253774157
774.4780000000003,82196.40000000001,82202.90504957527
774.9780000000003,82214.4,82221.15058112511
775.4780000000003,82232.5,82238.9378344604
775.8030000000003,82244.3,82251.09000009659
776.1940000000003,82258.4,82264.83217740808
776.5060000000003,82269.7,82276.4767095394
776.8750000000003,82283.1,82289.40664925812
777.3750000000003,82301.09999999999,82307.98410412036
777.7670000000004,82315.20000000001,82321.72735890164
777.9880000000004,82323.29999999999,82329.92752575906
778.2220000000004,82331.7,82338.26523961079
778.7220000000004,82349.8,82356.47007711293
779.2220000000004,82367.9,82374.28807843704
779.7220000000004,82385.79999999999,82392.29882370615
779.9000000000004,82392.2,82398.79130152248
780.1280000000004,82400.40000000001,82407.01032571279
780.4320000000004,82411.40000000001,82417.99254527183
780.9320000000004,82429.4,82436.02332090476
781.4320000000004,82447.5,82454.0653350431
781.9320000000004,82465.59999999999,82472.27395052047
782.4320000000004,82483.6,82490.08305011869
782.9320000000004,82501.70000000001,82508.50344565985
783.4320000000004,82519.8,82526.04551309267
783.9320000000004,82537.7,82544.61526958784
784.2890000000003,82550.59999999999,82557.0543324095
784.5570000000004,82560.29999999999,82566.91700450335
784.8200000000004,82569.8,82576.3289684608
785.3200000000004,82587.8,82594.44847815634
785.6730000000003,82600.5,82607.0088577131
786.1730000000003,82618.6,82625.36619299062
786.6730000000003,82636.6,82642.8996081537
787.1730000000003,82654.6,82661.72950874237
787.6730000000003,82672.79999999999,82678.81921300096
788.0600000000003,82686.7,82693.37353179626
788.2770000000003,82694.4,82700.97016057587
788.5010000000003,82702.4,82709.01138910744
788.7310000000003,82710.7,82717.28230144447
789.2310000000003,82728.8,82735.4427947528
789.7310000000003,82746.8,82753.3366120856
790.2310000000003,82764.8,82771.4786355332
790.7310000000003,82782.9,82789.39841552809
791.1150000000004,82796.7,82803.43301495844
791.6150000000004,82814.8,82821.28941459814
791.8600000000004,82823.6,82830.2862070161
792.2350000000004,82837.09999999999,82843.62395068663
792.5830000000003,82849.7,82856.26535505771
792.9220000000004,82861.90000000001,82868.46613790528
793.0660000000004,82867.0,82873.60719880396
793.2840000000003,82874.90000000001,82881.50029279798
793.7840000000003,82892.9,82899.50145360464
794.2840000000003,82910.90000000001,82917.44341498168
794.6720000000004,82924.90000000001,82931.57044425367
795.1720000000004,82942.9,82949.41226706421
795.4920000000004,82954.4,82961.15464748198
795.9920000000004,82972.5,82978.91504794314
796.3030000000005,82983.7,82990.26655133047
796.4620000000004,82989.4,82996.02252887844
796.9620000000004,83007.4,83013.95327696353
797.2950000000004,83019.3,83025.86883237102
797.4760000000005,83025.8,83032.42488089668
797.9230000000005,83041.9,83048.45178555248
798.2190000000005,83052.59999999999,83059.24149119806
798.5300000000005,83063.8,83070.3310205812
798.8350000000005,83074.7,83081.30946136414
799.3350000000005,83092.7,83099.16290227605
799.4750000000005,83097.7,83104.19630998201
799.6930000000004,83105.5,83112.05954769347
799.8010000000004,83109.40000000001,83115.9746046228
799.9150000000004,83113.4,83120.02682116775
800.4150000000004,83131.4,83137.93532424682
800.7630000000004,83144.0,83150.6585890642
801.0960000000003,83156.0,83162.49631714108
801.5510000000004,83172.29999999999,83179.09158714324
802.0510000000004,83190.4,83196.68295740959
802.5510000000004,83208.3,83215.47977159056
803.0510000000004,83226.4,83232.71054986754
803.2990000000004,83235.5,83242.03455830186
803.4380000000004,83240.4,83246.98670425973
803.5990000000004,83246.2,83252.75742945744
804.0460000000004,83262.2,83268.82898045456
804.3680000000004,83273.8,83280.36289303734
804.8680000000004,83291.8,83298.46443916297
805.3680000000004,83309.79999999999,83316.29130025972
805.8680000000004,83327.70000000001,83334.50186074262
806.3680000000004,83345.8,83352.07071142406
806.8150000000004,83361.7,83368.5532418159
807.1370000000004,83373.29999999999,83379.75482017311
807.4230000000003,83383.6,83390.14397167826
