time,static_pressure,total_pressure
1.002,83387.600000,83387.641724
1.004,83387.600000,83387.766258
1.006,83387.500000,83387.874558
1.008,83387.500000,83388.165030
1.01,83387.500000,83388.539907
1.012,83387.500000,83388.998233
1.014,83387.400000,83389.437770
1.016,83387.400000,83390.062671
1.018,83387.400000,83390.771019
1.02,83387.300000,83391.462815
1.022,83387.200000,83392.234544
1.024,83387.200000,83393.192913
1.026,83387.100000,83394.134729
1.028,83387.000000,83395.159991
1.03,83387.000000,83396.368699
1.032,83386.900000,83397.555742
1.034,83386.800000,83398.831021
1.036,83386.700000,83400.189744
1.038,83386.600000,83401.631910
1.04,83386.500000,83403.157521
1.042,83386.400000,83404.766575
1.044,83386.300000,83406.452045
1.046,83386.200000,83408.227663
1.048,83386.000000,83409.986725
1.05,83385.900000,83411.929226
1.052,83385.800000,83413.955169
1.054,83385.600000,83415.964550
1.056,83385.500000,83418.157372
1.058,83385.300000,83420.333631
1.06,83385.200000,83422.693326
1.062,83385.000000,83425.036460
1.064,83384.900000,83427.563032
1.066,83384.700000,83430.073037
1.068,83384.500000,83432.666479
1.07,83384.300000,83435.343353
1.072,83384.100000,83438.103658
1.074,83384.000000,83441.059219
1.076,83383.800000,83443.986706
1.078,83383.600000,83446.997626
1.08,83383.300000,83449.991978
1.082,83383.100000,83453.169756
1.084,83382.900000,83456.430958
1.086,83382.700000,83459.775589
1.088,83382.500000,83463.217704
1.09,83382.200000,83466.629504
1.092,83382.000000,83470.224724
1.094,83381.700000,83473.803369
1.096,83381.500000,83477.580772
1.098,83381.200000,83481.326578
1.1,83381.000000,83485.255797
1.102,83380.700000,83489.168439
1.104,83380.400000,83493.181112
1.106,83380.100000,83497.260893
1.108,83379.900000,83501.524092
1.11,83379.600000,83505.788290
1.112,83379.300000,83510.118632
1.114,83379.000000,83514.532376
1.116,83378.700000,83519.048075
1.118,83378.400000,83523.628966
1.12,83378.100000,83528.312437
1.122,83377.700000,83532.960442
1.124,83377.400000,83537.791856
1.126,83377.100000,83542.726820
1.128,83376.700000,83547.625337
1.13,83376.400000,83552.728058
1.132,83376.100000,83557.893703
1.134,83375.700000,83563.064157
1.136,83375.400000,83568.396908
1.138,83375.000000,83573.735105
1.14,83374.600000,83579.134936
1.142,83374.300000,83584.740888
1.144,83373.900000,83590.307810
1.146,83373.500000,83595.981471
1.148,83373.100000,83601.739165
1.15,83372.700000,83607.556881
1.152,83372.300000,83613.482294
1.154,83371.900000,83619.467084
1.156,83371.500000,83625.560183
1.158,83371.100000,83631.737307
1.16,83370.700000,83637.972866
1.162,83370.200000,83644.217689
1.164,83369.800000,83650.646505
1.166,83369.400000,83657.132790
1.168,83368.900000,83663.629320
1.17,83368.500000,83670.309808
1.172,83368.000000,83676.946828
1.174,83367.600000,83683.795019
1.176,83367.100000,83690.627189
1.178,83366.600000,83697.543366
1.18,83366.200000,83704.614725
1.182,83365.700000,83711.698559
1.184,83365.200000,83718.866361
1.186,83364.700000,83726.118129
1.188,83364.200000,83733.453929
1.19,83363.700000,83740.843260
1.192,83363.200000,83748.346658
1.194,83362.700000,83755.934049
1.196,83362.200000,83763.605391
1.198,83361.700000,83771.360683
1.2,83361.100000,83779.099960
1.202,83360.600000,83787.023221
1.204,83360.100000,83795.030422
1.206,83359.500000,83803.021562
1.208,83359.000000,83811.163398
1.21,83358.400000,83819.322169
1.212,83357.900000,83827.664869
1.214,83357.300000,83835.991495
1.216,83356.700000,83844.402088
1.218,83356.200000,83852.996601
1.22,83355.600000,83861.575078
1.222,83355.000000,83870.237467
1.224,83354.400000,83878.983816
1.226,83353.800000,83887.814071
1.228,83353.200000,83896.728281
1.23,83352.600000,83905.763197
1.232,83352.000000,83914.845524
1.234,83351.400000,83924.011796
1.236,83350.800000,83933.262014
1.238,83350.100000,83942.496118
1.24,83349.500000,83951.914162
1.242,83348.900000,83961.416087
1.244,83348.200000,83970.901886
1.246,83347.600000,83980.571617
1.248,83346.900000,83990.264911
1.25,83346.300000,84000.102757
1.252,83345.600000,84009.924529
1.254,83344.900000,84019.830159
1.256,83344.300000,84029.919644
1.258,83343.600000,84039.993044
1.26,83342.900000,84050.191909
1.262,83342.200000,84060.433388
1.264,83341.500000,84070.758705
1.266,83340.800000,84081.167928
1.268,83340.100000,84091.703883
1.27,83339.400000,84102.281158
1.272,83338.700000,84112.942256
1.274,83337.900000,84123.631038
1.276,83337.200000,84134.460166
1.278,83336.500000,84145.373182
1.28,83335.700000,84156.270006
1.282,83335.000000,84167.395861
1.284,83334.300000,84178.560689
1.286,83333.500000,84189.709311
1.288,83332.700000,84200.987917
1.29,83332.000000,84212.404519
1.292,83331.200000,84223.851740
1.294,83330.400000,84235.336395
1.296,83329.600000,84246.904824
1.298,83328.900000,84258.704738
1.3,83328.100000,84270.441113
1.302,83327.300000,84282.309605
1.304,83326.500000,84294.213909
1.307,83325.300000,84312.276594
1.312,83323.400000,84339.576053
1.318,83320.600000,84381.422813
1.328,83316.300000,84445.048377
1.338,83311.900000,84510.677269
1.348,83307.400000,84578.308961
1.358,83302.700000,84647.842780
1.368,83297.900000,84719.437407
1.378,83292.900000,84792.936368
1.388,83287.800000,84868.438917
1.398,83282.600000,84945.944586
1.408,83277.300000,85025.518160
1.418,83271.800000,85106.929784
1.428,83266.200000,85190.411230
1.438,83260.500000,85275.896223
1.448,83254.600000,85363.284452
1.458,83248.600000,85452.674820
1.468,83242.400000,85544.041841
1.478,83236.200000,85637.512949
1.488,83229.800000,85732.730890
1.498,83223.200000,85829.605435
1.508,83216.500000,85928.058274
1.518,83209.700000,86028.065244
1.528,83202.800000,86129.601509
1.538,83195.700000,86232.628455
1.548,83188.500000,86337.051446
1.558,83181.200000,86443.109093
1.568,83173.700000,86550.413895
1.578,83166.200000,86659.322170
1.588,83158.400000,86769.419843
1.598,83150.600000,86880.983577
1.608,83142.600000,86993.789474
1.618,83134.500000,87108.011890
1.628,83126.300000,87223.531557
1.638,83117.900000,87340.225194
1.648,83109.500000,87458.268820
1.658,83100.900000,87577.439357
1.668,83092.100000,87697.713420
1.678,83083.300000,87819.375281
1.688,83074.300000,87942.096664
1.698,83065.200000,88065.844363
1.708,83056.000000,88190.814904
1.718,83046.700000,88316.876292
1.728,83037.200000,88443.905668
1.738,83027.600000,88571.980264
1.748,83017.900000,88701.077402
1.758,83008.100000,88831.174498
1.768,82998.100000,88962.149058
1.778,82988.100000,89094.179269
1.788,82977.900000,89227.042263
1.798,82967.600000,89360.815825
1.808,82957.100000,89495.377830
1.818,82946.600000,89631.034597
1.828,82936.000000,89767.539309
1.838,82925.200000,89904.899283
1.848,82914.300000,90043.198903
1.858,82903.300000,90182.552519
1.868,82892.200000,90322.678227
1.878,82880.900000,90463.589748
1.888,82869.600000,90605.607762
1.898,82858.100000,90748.241665
1.908,82846.600000,90891.949458
1.918,82834.900000,91036.236773
1.928,82823.100000,91181.466336
1.938,82811.200000,91327.337765
1.948,82799.100000,91473.875444
1.958,82787.000000,91621.409142
1.968,82774.800000,91769.529900
1.978,82762.400000,91918.267164
1.988,82749.900000,92067.702436
1.998,82737.400000,92217.919890
2.008,82724.700000,92368.703825
2.018,82711.900000,92520.136774
2.028,82699.000000,92672.202229
2.038,82686.000000,92824.726662
2.048,82672.900000,92978.007571
2.058,82659.600000,93131.612246
2.068,82646.300000,93286.043434
2.078,82632.900000,93440.863446
2.088,82619.300000,93595.953447
2.098,82605.700000,93751.821896
2.108,82591.900000,93908.091744
2.118,82578.000000,94064.678886
2.128,82564.100000,94221.833229
2.138,82550.000000,94379.339030
2.148,82535.800000,94537.280609
2.158,82521.500000,94695.469184
2.168,82507.200000,94854.334309
2.178,82492.700000,95013.312950
2.188,82478.100000,95172.487268
2.198,82463.400000,95332.191917
2.208,82448.600000,95492.059245
2.218,82433.700000,95652.249645
2.228,82418.800000,95812.849266
2.238,82403.700000,95973.458987
2.248,82388.500000,96134.345556
2.258,82373.200000,96295.492751
2.268,82357.800000,96456.885708
2.278,82342.300000,96618.324905
2.288,82326.800000,96779.890851
2.298,82311.100000,96941.742217
2.308,82295.300000,97103.590256
2.318,82279.400000,97265.606297
2.328,82263.500000,97427.685630
2.338,82247.400000,97589.801954
2.348,82231.300000,97752.336398
2.358,82215.000000,97915.078076
2.368,82198.700000,98078.018480
2.378,82182.200000,98241.142239
2.388,82165.700000,98404.440286
2.398,82149.100000,98568.197425
2.408,82132.400000,98732.003682
2.418,82115.600000,98896.049906
2.428,82098.700000,99060.119672
2.438,82081.700000,99224.404494
2.448,82064.600000,99388.893858
2.458,82047.400000,99553.577285
2.468,82030.100000,99718.237502
2.478,82012.800000,99883.170570
2.488,81995.300000,100047.953791
2.498,81977.800000,100213.195357
2.508,81960.200000,100378.367898
2.518,81942.500000,100543.454560
2.528,81924.700000,100708.658692
2.538,81906.800000,100873.970207
2.548,81888.800000,101039.375367
2.558,81870.700000,101204.651705
2.568,81852.600000,101370.101436
2.578,81834.300000,101535.298403
2.588,81816.000000,101700.646899
2.598,81797.600000,101866.037037
2.608,81779.100000,102031.239870
2.618,81760.500000,102196.462763
2.628,81741.800000,102361.474935
2.638,81723.000000,102526.487786
2.648,81704.200000,102691.589679
2.658,81685.300000,102856.447111
2.668,81666.300000,103021.274541
2.678,81647.200000,103186.060404
2.688,81628.000000,103350.568522
2.698,81608.700000,103515.016367
2.708,81589.400000,103679.261794
2.718,81569.900000,103843.328514
2.728,81550.400000,104007.170457
2.738,81530.800000,104170.913378
2.748,81511.200000,104334.643751
2.758,81491.400000,104497.921536
2.768,81471.600000,104661.166673
2.778,81451.700000,104824.035212
2.788,81431.700000,104986.755713
2.798,81411.600000,105149.078080
2.808,81391.400000,105311.230508
2.818,81371.200000,105473.063449
2.828,81350.900000,105634.948554
2.838,81330.500000,105796.154711
2.848,81310.000000,105957.149856
2.858,81289.500000,106118.032441
2.868,81268.900000,106278.441631
2.878,81248.200000,106438.616959
2.888,81227.400000,106598.303156
2.898,81206.600000,106757.834358
2.908,81185.600000,106916.753635
2.918,81164.600000,107075.504348
2.928,81143.600000,107233.820529
2.938,81122.400000,107391.747344
2.948,81101.200000,107549.224763
2.958,81079.900000,107706.394750
2.968,81058.500000,107862.993140
2.978,81037.100000,108019.368807
2.988,81015.500000,108175.050826
2.998,80993.900000,108330.492460
3.008,80972.300000,108485.426487
3.018,80950.500000,108639.897388
3.028,80928.700000,108793.844388
3.038,80906.900000,108947.510970
3.048,80884.900000,109100.434955
3.058,80862.900000,109253.061431
3.068,80840.800000,109405.026833
3.078,80818.600000,109556.318496
3.088,80796.400000,109707.286635
3.098,80774.100000,109857.565647
3.108,80751.800000,110007.510218
3.118,80729.300000,110156.907265
3.128,80706.800000,110305.423301
3.138,80684.200000,110453.476935
3.148,80661.600000,110601.163757
3.158,80638.900000,110748.105574
3.168,80616.100000,110894.292993
3.178,80593.300000,111040.089145
3.188,80570.400000,111185.113776
3.198,80547.400000,111329.631589
3.208,80524.400000,111473.463970
3.218,80501.300000,111616.771209
3.228,80478.100000,111759.003338
3.238,80454.900000,111901.067484
3.248,80431.600000,112042.038721
3.258,80408.300000,112182.556376
3.268,80384.900000,112322.513758
3.278,80361.400000,112461.624681
3.288,80337.900000,112599.986729
3.298,80314.300000,112737.762885
3.308,80290.600000,112874.392929
3.318,80266.900000,113010.806823
3.328,80243.100000,113146.334376
3.338,80219.200000,113280.970432
3.348,80195.300000,113414.809968
3.358,80171.400000,113548.120012
3.368,80147.400000,113680.518543
3.378,80123.300000,113812.277157
3.388,80099.100000,113943.106239
3.398,80074.900000,114073.097857
3.408,80050.700000,114202.532149
3.418,80026.400000,114331.014544
3.428,80002.000000,114458.537295
3.438,79977.600000,114585.482564
3.448,79953.100000,114711.454098
3.458,79928.600000,114836.547716
3.468,79904.000000,114960.944208
3.478,79879.300000,115084.342275
3.488,79854.600000,115207.134154
3.498,79829.900000,115328.727531
3.508,79805.000000,115449.788460
3.518,79780.200000,115569.736462
3.528,79755.300000,115688.949465
3.538,79730.300000,115807.129921
3.548,79705.300000,115924.370864
3.558,79680.200000,116040.858635
3.568,79655.100000,116156.390684
3.578,79629.900000,116270.867285
3.588,79604.700000,116384.669456
3.598,79579.400000,116497.403872
3.608,79554.100000,116609.156791
3.618,79528.700000,116720.125204
3.628,79503.300000,116830.100095
3.638,79478.600000,116939.782268
3.648,79454.400000,117049.259617
3.658,79430.000000,117157.230641
3.668,79405.700000,117264.588972
3.678,79381.300000,117371.126244
3.688,79356.800000,117476.238223
3.698,79332.300000,117580.617939
3.708,79307.700000,117684.164532
3.718,79283.200000,117786.467423
3.728,79258.500000,117887.826370
3.738,79233.800000,117988.134892
3.748,79209.100000,118087.383515
3.758,79184.400000,118185.869522
3.768,79159.600000,118283.189007
3.778,79134.700000,118379.336445
3.788,79109.800000,118474.710628
3.798,79084.900000,118568.694245
3.808,79059.900000,118661.794689
3.818,79034.900000,118754.107931
3.828,79009.900000,118845.014286
3.838,78984.800000,118935.027727
3.848,78959.700000,119023.933793
3.858,78934.500000,119111.930653
3.868,78909.300000,119198.507293
3.878,78884.100000,119284.265588
3.888,78858.800000,119368.801399
3.898,78833.500000,119452.510711
3.908,78808.100000,119534.988771
3.918,78782.700000,119616.326965
3.928,78757.300000,119696.524646
3.938,78731.800000,119775.779405
3.948,78706.300000,119853.885326
3.958,78680.800000,119930.833991
3.968,78655.200000,120006.525036
3.978,78629.600000,120081.361610
3.988,78604.000000,120155.028665
3.998,78578.300000,120227.426041
4.008,78552.600000,120296.462560
4.018,78526.900000,120356.494568
4.028,78501.100000,120408.031590
4.038,78475.300000,120450.832076
4.048,78449.500000,120484.572620
4.058,78423.700000,120509.868489
4.068,78397.800000,120526.285715
4.078,78372.000000,120534.022636
4.088,78346.100000,120532.868087
4.098,78320.200000,120524.494865
4.108,78294.300000,120511.717175
4.118,78268.400000,120495.170457
4.128,78242.500000,120474.850832
4.138,78216.600000,120450.449403
4.148,78190.700000,120422.281233
4.158,78164.700000,120390.244000
4.168,78138.800000,120354.230555
4.178,78112.900000,120314.457409
4.188,78087.000000,120270.618656
4.198,78061.100000,120223.023504
4.208,78035.200000,120171.684527
4.218,78009.200000,120116.193663
4.228,77983.300000,120057.065439
4.238,77957.500000,119994.309857
4.248,77931.600000,119927.420918
4.258,77905.700000,119856.818323
4.268,77879.800000,119782.509500
4.278,77854.000000,119704.602370
4.288,77828.100000,119622.597932
4.298,77802.300000,119537.013023
4.308,77776.500000,119447.761137
4.318,77750.700000,119354.541533
4.328,77725.000000,119258.082173
4.338,77699.200000,119157.577032
4.348,77673.500000,119053.552203
4.35,77669.000000,119034.781128
4.353,77662.200000,119006.893797
4.357,77652.100000,118965.018598
4.362,77636.900000,118902.037632
4.371,77614.200000,118808.039312
4.381,77588.500000,118701.885483
4.391,77562.900000,118596.245319
4.401,77537.200000,118490.613805
4.411,77511.600000,118385.182856
4.421,77486.100000,118280.267538
4.431,77460.500000,118175.052989
4.441,77435.000000,118070.345230
4.451,77409.500000,117966.051068
4.461,77384.000000,117861.553732
4.471,77358.500000,117757.465154
4.481,77333.100000,117653.579049
4.491,77307.700000,117549.799238
4.501,77282.300000,117446.426191
4.511,77256.900000,117343.154636
4.521,77231.500000,117239.984472
4.531,77206.200000,117137.019493
4.541,77180.900000,117034.458864
4.551,77155.600000,116931.998652
4.561,77130.300000,116829.638760
4.571,77105.000000,116727.379091
4.581,77079.800000,116625.625242
4.591,77054.600000,116523.970746
4.601,77029.400000,116422.415506
4.611,77004.200000,116320.959425
4.621,76979.100000,116220.002931
4.631,76954.000000,116119.148564
4.641,76928.900000,116018.392398
4.651,76903.800000,115918.033877
4.661,76878.700000,115817.473499
4.671,76853.700000,115717.409922
4.681,76828.600000,115617.347295
4.691,76803.600000,115517.776185
4.701,76778.700000,115418.107265
4.711,76753.700000,115318.732800
4.721,76728.800000,115219.851724
4.731,76703.900000,115120.772849
4.741,76679.000000,115022.082775
4.751,76654.100000,114923.195349
4.761,76629.200000,114824.995603
4.771,76604.400000,114726.694575
4.781,76579.600000,114628.783787
4.791,76554.800000,114530.672176
4.801,76530.000000,114432.953680
4.811,76505.300000,114335.719842
4.821,76480.500000,114238.188915
4.831,76455.800000,114141.145519
4.841,76431.100000,114044.195200
4.851,76406.500000,113947.437868
4.861,76381.800000,113850.969864
4.871,76357.200000,113754.690369
4.881,76332.600000,113658.506603
4.891,76308.000000,113562.411182
4.901,76283.400000,113466.411300
4.911,76258.900000,113370.894415
4.921,76234.400000,113275.468618
4.931,76209.900000,113180.133820
4.941,76185.400000,113085.183788
4.951,76160.900000,112990.320343
4.961,76136.500000,112895.650600
4.971,76112.100000,112801.067283
4.981,76087.700000,112706.577483
4.991,76063.300000,112612.466209
5.001,76038.900000,112518.444065
5.011,76014.600000,112424.610964
5.021,75990.200000,112330.766821
5.031,75965.900000,112237.402544
5.041,75941.700000,112144.222885
5.051,75917.400000,112051.031309
5.061,75893.200000,111958.031258
5.071,75868.900000,111865.305324
5.081,75844.700000,111772.477174
5.091,75820.600000,111680.125875
5.101,75796.400000,111588.046906
5.111,75772.300000,111495.869289
5.121,75748.100000,111403.963223
5.131,75724.000000,111312.243333
5.141,75699.900000,111220.609534
5.151,75675.900000,111129.161746
5.161,75651.800000,111037.986811
5.171,75627.800000,110946.993648
5.181,75603.800000,110856.085641
5.191,75579.800000,110765.266150
5.201,75555.900000,110674.628205
5.211,75531.900000,110584.260555
5.221,75508.000000,110494.077121
5.231,75484.100000,110403.974405
5.241,75460.200000,110314.240218
5.251,75436.400000,110224.408653
5.261,75412.500000,110134.841435
5.271,75388.700000,110045.454040
5.281,75364.900000,109956.153179
5.291,75341.100000,109867.214931
5.301,75317.300000,109778.079805
5.311,75293.600000,109689.406538
5.321,75269.900000,109600.815495
5.331,75246.200000,109512.584967
5.341,75222.500000,109424.157839
5.351,75198.800000,109336.093821
5.361,75175.200000,109248.207774
5.371,75151.500000,109160.302969
5.381,75127.900000,109072.856222
5.391,75104.300000,108985.213374
5.401,75080.800000,108898.027843
5.411,75057.200000,108810.825962
5.421,75033.700000,108723.801040
5.431,75010.200000,108637.131738
5.441,74986.700000,108550.266832
5.451,74963.200000,108463.756811
5.461,74939.700000,108377.329447
5.471,74916.300000,108291.352370
5.481,74892.900000,108205.179968
5.491,74869.500000,108119.360406
5.501,74846.100000,108033.622595
5.511,74822.800000,107948.059951
5.521,74799.400000,107862.475657
5.531,74776.100000,107777.342170
5.541,74752.800000,107692.014066
5.551,74729.500000,107607.036043
5.561,74706.200000,107522.410383
5.571,74683.000000,107437.686950
5.581,74660.900000,107354.140848
5.591,74638.900000,107271.042812
5.601,74616.800000,107187.921390
5.611,74594.800000,107104.976507
5.621,74572.800000,107022.108092
5.631,74550.800000,106939.585741
5.641,74528.800000,106857.135974
5.651,74506.900000,106774.865066
5.661,74485.000000,106692.669768
5.671,74463.100000,106610.550009
5.681,74441.200000,106528.773973
5.691,74419.300000,106446.801653
5.701,74397.400000,106365.175496
5.711,74375.600000,106283.720899
5.721,74353.800000,106202.344057
5.731,74332.000000,106121.305493
5.741,74310.200000,106040.077402
5.751,74288.400000,105959.186899
5.761,74266.700000,105878.473287
5.771,74244.900000,105797.996019
5.781,74223.200000,105717.426388
5.791,74201.500000,105636.930338
5.801,74179.800000,105556.772694
5.811,74158.200000,105476.787934
5.821,74136.500000,105396.775991
5.831,74114.900000,105317.200861
5.841,74093.300000,105237.434066
5.851,74071.700000,105158.000343
5.861,74050.100000,105078.641666
5.871,74028.600000,104999.451870
5.881,74007.000000,104920.236974
5.891,73985.500000,104841.453248
5.901,73964.000000,104762.478561
5.911,73942.500000,104683.840421
5.921,73921.000000,104605.270302
5.931,73899.600000,104526.871162
5.941,73878.200000,104448.803982
5.951,73856.700000,104370.443329
5.961,73835.300000,104292.516960
5.971,73814.000000,104214.760758
5.981,73792.600000,104136.971677
5.991,73771.200000,104059.255619
6.001,73749.900000,103981.965979
6.011,73728.600000,103904.486562
6.021,73707.300000,103827.335874
6.031,73686.000000,103750.254428
6.041,73664.800000,103673.600503
6.051,73643.500000,103596.657079
6.061,73622.300000,103520.140508
6.071,73601.100000,103443.431912
6.081,73579.900000,103367.052442
6.091,73558.700000,103290.995370
6.101,73537.600000,103214.849291
6.111,73516.400000,103138.671412
6.121,73495.300000,103062.917871
6.131,73474.200000,102987.231870
6.141,73453.100000,102911.610448
6.151,73432.000000,102836.059339
6.161,73411.000000,102760.927836
6.171,73389.900000,102685.511103
6.181,73368.900000,102610.513330
6.191,73347.900000,102535.582198
6.201,73326.900000,102460.717646
6.211,73306.000000,102386.016750
6.221,73285.000000,102311.538734
6.231,73264.100000,102236.970437
6.241,73243.100000,102162.624360
6.251,73222.200000,102088.441186
6.261,73201.400000,102014.423705
6.271,73180.500000,101940.624106
6.281,73159.600000,101866.634737
6.291,73138.800000,101793.065437
6.301,73118.000000,101719.306776
6.311,73097.200000,101645.864720
6.321,73076.400000,101572.738431
6.331,73055.600000,101499.425684
6.341,73034.900000,101426.528063
6.351,73014.200000,101353.441591
6.361,72993.400000,101280.572404
6.371,72972.700000,101207.864432
6.381,72952.100000,101135.320405
6.391,72931.400000,101062.989409
6.401,72910.700000,100990.472835
6.411,72890.100000,100918.365901
6.421,72869.500000,100846.322170
6.431,72848.900000,100774.344333
6.441,72828.300000,100702.426827
6.451,72807.700000,100630.569606
6.461,72787.200000,100559.125456
6.471,72766.700000,100487.493871
6.481,72746.100000,100416.074720
6.491,72725.600000,100344.815130
6.501,72705.200000,100273.717776
6.511,72684.700000,100202.825974
6.521,72664.200000,100131.752666
6.531,72643.800000,100061.084299
6.541,72623.400000,99990.477440
6.551,72603.000000,99919.932030
6.561,72582.600000,99849.448014
6.571,72562.200000,99779.022650
6.581,72541.900000,99709.002900
6.591,72521.500000,99638.699803
6.601,72501.200000,99568.801705
6.611,72480.900000,99498.964223
6.621,72460.600000,99429.184642
6.631,72440.400000,99359.565574
6.641,72420.100000,99290.149788
6.651,72399.900000,99220.651327
6.661,72379.700000,99151.455539
6.671,72359.400000,99082.216907
6.681,72339.300000,99013.238019
6.691,72319.100000,98944.218821
6.701,72298.900000,98875.500595
6.711,72278.800000,98806.697744
6.721,72258.700000,98738.197883
6.731,72238.600000,98669.754390
6.741,72218.500000,98601.367223
6.751,72198.400000,98533.041537
6.761,72178.300000,98464.772077
6.771,72158.300000,98396.661391
6.781,72138.300000,98328.848797
6.791,72118.300000,98261.094379
6.801,72098.300000,98193.395507
6.811,72078.300000,98125.754712
6.821,72058.300000,98058.171940
6.831,72038.400000,97990.747137
6.841,72018.400000,97923.515604
6.851,71998.500000,97856.206338
6.861,71978.600000,97789.189759
6.871,71958.800000,97722.327915
6.881,71938.900000,97655.425845
6.891,71919.000000,97588.578412
6.901,71899.200000,97522.124567
6.911,71879.400000,97455.488572
6.921,71859.600000,97389.148106
6.931,71839.800000,97322.861613
6.941,71820.000000,97256.631566
6.951,71800.300000,97190.555404
6.961,71780.500000,97124.438094
6.971,71760.800000,97058.709355
6.981,71741.100000,96992.801842
6.991,71721.400000,96927.182334
7.001,71701.700000,96861.620985
7.011,71682.100000,96796.212768
7.021,71662.400000,96730.757645
7.031,71642.800000,96665.460521
7.041,71623.200000,96600.449511
7.051,71603.600000,96535.260575
7.061,71584.000000,96470.359653
7.071,71564.500000,96405.611126
7.081,71544.900000,96340.817406
7.091,71525.400000,96276.178443
7.101,71505.900000,96211.825884
7.111,71486.400000,96147.293610
7.121,71466.900000,96083.047178
7.131,71447.400000,96018.623848
7.141,71428.000000,95954.583364
7.151,71408.500000,95890.496883
7.161,71389.100000,95826.564355
7.171,71369.700000,95762.913376
7.181,71350.300000,95699.088375
7.191,71330.900000,95635.544367
7.201,71311.600000,95571.921898
7.211,71292.200000,95508.484672
7.221,71272.900000,95445.198254
7.231,71253.600000,95381.962608
7.241,71234.300000,95319.010893
7.251,71215.000000,95255.881199
7.261,71195.700000,95193.032492
7.271,71176.500000,95130.106189
7.281,71157.200000,95067.362689
7.291,71138.000000,95004.766880
7.301,71118.800000,94942.225808
7.311,71099.600000,94879.961527
7.321,71080.500000,94817.622483
7.331,71061.300000,94755.462036
7.341,71042.100000,94693.124849
7.351,71023.000000,94631.165713
7.361,71003.900000,94569.258221
7.371,70984.800000,94507.399999
7.381,70965.700000,94445.595657
7.391,70946.700000,94384.163169
7.401,70927.600000,94322.459249
7.411,70908.600000,94261.128970
7.421,70889.600000,94199.849613
7.431,70870.500000,94138.294748
7.441,70851.600000,94077.215028
7.451,70832.600000,94016.309730
7.461,70813.600000,93955.229029
7.471,70794.700000,93894.299035
7.481,70775.700000,93833.542653
7.491,70756.800000,93772.936435
7.501,70737.900000,93712.155554
7.511,70719.100000,93651.747481
7.521,70700.200000,93591.509231
7.531,70681.300000,93531.098696
7.541,70662.500000,93470.838111
7.551,70643.700000,93410.846560
7.561,70624.900000,93350.683267
7.571,70606.100000,93290.790733
7.581,70587.300000,93230.945286
7.591,70568.500000,93171.149131
7.601,70549.800000,93111.502223
7.611,70531.000000,93051.802286
7.621,70512.300000,92992.471343
7.631,70493.600000,92932.969469
7.641,70474.900000,92873.733838
7.651,70456.300000,92814.646803
7.661,70437.600000,92755.506108
7.671,70419.000000,92696.516136
7.681,70400.300000,92637.470219
7.691,70381.700000,92578.574936
7.701,70363.100000,92519.725840
7.711,70344.600000,92461.242936
7.721,70326.000000,92402.705708
7.731,70307.400000,92344.216307
7.741,70288.900000,92285.657499
7.751,70270.400000,92227.361664
7.761,70251.900000,92169.330287
7.771,70233.400000,92111.127430
7.781,70214.900000,92052.972197
7.791,70196.400000,91995.080648
7.801,70178.000000,91937.334045
7.811,70159.600000,91879.418843
7.821,70141.100000,91821.666550
7.831,70122.700000,91764.059095
7.841,70104.600000,91707.013606
7.851,70087.100000,91650.399786
7.861,70069.700000,91593.930694
7.871,70052.200000,91537.620670
7.881,70034.800000,91481.244976
7.891,70017.400000,91425.127844
7.901,70000.100000,91369.154868
7.911,69982.700000,91313.128135
7.921,69965.300000,91257.147602
7.931,69948.000000,91201.526312
7.941,69930.700000,91145.735735
7.951,69913.400000,91089.989138
7.961,69896.100000,91034.501033
7.971,69878.800000,90979.058508
7.981,69861.500000,90923.659430
7.991,69844.200000,90868.305856
8.001,69827.000000,90813.097744
8.011,69809.800000,90757.932975
8.021,69792.600000,90702.813593
8.031,69775.400000,90647.948444
8.041,69758.200000,90592.917437
8.051,69741.000000,90538.142237
8.061,69723.800000,90483.409785
8.071,69706.700000,90428.822107
8.081,69689.600000,90374.277110
8.091,69672.400000,90319.676813
8.101,69655.300000,90265.221177
8.111,69638.200000,90210.808117
8.121,69621.200000,90156.748709
8.131,69604.100000,90102.422537
8.141,69587.100000,90048.449524
8.151,69570.000000,89994.418537
8.161,69553.000000,89940.531572
8.171,69536.000000,89886.688589
8.181,69519.000000,89832.887531
8.191,69502.000000,89779.130382
8.201,69485.100000,89725.722489
8.211,69468.100000,89672.050829
8.221,69451.200000,89618.727944
8.231,69434.200000,89565.350411
8.241,69417.300000,89511.905620
8.251,69400.400000,89458.710884
8.261,69383.500000,89405.559388
8.271,69366.700000,89352.551094
8.281,69349.800000,89299.687739
8.291,69333.000000,89246.763551
8.301,69316.100000,89193.985811
8.311,69299.300000,89141.145593
8.321,69282.500000,89088.551348
8.331,69265.700000,89035.999682
8.341,69249.000000,88983.588594
8.351,69232.200000,88931.120014
8.361,69215.400000,88878.691951
8.371,69198.700000,88826.406326
8.381,69182.000000,88774.366798
8.391,69165.300000,88722.163788
8.401,69148.600000,88670.204457
8.411,69131.900000,88618.085871
8.421,69115.200000,88566.208555
8.431,69098.600000,88514.474993
8.441,69081.900000,88462.679357
8.451,69065.300000,88411.027402
8.461,69048.700000,88359.617310
8.471,69032.100000,88308.044708
8.481,69015.500000,88256.715425
8.491,68998.900000,88205.225885
8.501,68982.400000,88154.077279
8.511,68965.800000,88102.869816
8.521,68949.300000,88051.801559
8.531,68932.800000,88000.774377
8.541,68916.300000,87949.786340
8.551,68899.800000,87898.839311
8.561,68883.300000,87847.931367
8.571,68866.800000,87797.264228
8.581,68850.400000,87746.537930
8.591,68833.900000,87695.950088
8.601,68817.500000,87645.500811
8.611,68801.100000,87595.091945
8.621,68784.700000,87544.723451
8.631,68768.300000,87494.393432
8.641,68751.900000,87444.101859
8.651,68735.600000,87393.952422
8.661,68719.200000,87343.937588
8.671,68702.900000,87293.864693
8.681,68686.600000,87244.029655
8.691,68670.300000,87194.035035
8.701,68654.000000,87144.277812
8.711,68637.700000,87094.558433
8.721,68621.400000,87044.878706
8.731,68605.200000,86995.338595
8.741,68588.900000,86945.930910
8.751,68572.700000,86896.467911
8.761,68556.500000,86847.042607
8.771,68540.300000,86797.850886
8.781,68524.100000,86748.698233
8.791,68507.900000,86699.389091
8.801,68491.800000,86650.411046
8.811,68475.600000,86601.373784
8.821,68459.500000,86552.473653
8.831,68443.400000,86503.610631
8.841,68427.300000,86454.981035
8.851,68411.200000,86406.195539
8.861,68395.100000,86357.641224
8.871,68379.000000,86308.929547
8.881,68363.000000,86260.550397
8.891,68346.900000,86212.109578
8.901,68330.900000,86163.611890
8.911,68314.900000,86115.344278
8.921,68298.900000,86067.114907
8.931,68282.900000,86019.116554
8.941,68266.900000,85970.961605
8.951,68250.900000,85922.843040
8.961,68235.000000,85875.054827
8.971,68219.000000,85827.012271
8.981,68203.100000,85779.297864
8.991,68187.200000,85731.619346
9.001,68171.300000,85683.978440
9.011,68155.400000,85636.375112
9.021,68139.500000,85588.807590
9.031,68123.700000,85541.375848
9.041,68107.800000,85493.881596
9.051,68092.000000,85446.523071
9.061,68076.200000,85399.392302
9.071,68060.300000,85352.008413
9.081,68044.500000,85304.950113
9.091,68028.800000,85258.027052
9.101,68013.000000,85211.040922
9.111,67997.200000,85163.900597
9.121,67981.500000,85117.086712
9.131,67965.700000,85070.396962
9.141,67950.000000,85023.654832
9.151,67934.300000,84976.947780
9.161,67918.600000,84930.465919
9.171,67902.900000,84883.830458
9.181,67887.300000,84837.519752
9.191,67871.600000,84790.955769
9.201,67856.000000,84744.714422
9.211,67840.300000,84698.409308
9.221,67824.700000,84652.240396
9.231,67809.100000,84606.105976
9.241,67793.500000,84560.007699
9.251,67777.900000,84513.942192
9.261,67762.400000,84468.201012
9.271,67746.800000,84422.207465
9.281,67731.300000,84376.534481
9.291,67715.800000,84330.711115
9.301,67700.200000,84285.007887
9.311,67684.700000,84239.440233
9.321,67669.200000,84193.906469
9.331,67653.800000,84148.508221
9.341,67638.300000,84103.043813
9.351,67622.900000,84057.714863
9.361,67607.400000,84012.319703
9.371,67592.000000,83967.242841
9.381,67576.600000,83922.016639
9.391,67561.200000,83877.008318
9.401,67545.800000,83831.850967
9.411,67530.400000,83786.912702
9.421,67515.000000,83742.006087
9.431,67499.700000,83697.235960
9.441,67484.300000,83652.397438
9.451,67469.000000,83607.693732
9.461,67453.700000,83563.024811
9.471,67438.400000,83518.389037
9.481,67423.100000,83473.786390
9.491,67407.800000,83429.400782
9.501,67392.600000,83384.967331
9.511,67377.300000,83340.647305
9.521,67362.100000,83296.463131
9.531,67346.900000,83252.310005
9.541,67331.700000,83208.011243
9.551,67316.400000,83163.825093
9.561,67301.300000,83119.873095
9.571,67286.100000,83076.036105
9.581,67270.900000,83032.048990
9.591,67255.800000,82988.197520
9.601,67240.600000,82944.278517
9.611,67225.500000,82900.672126
9.621,67210.400000,82857.097800
9.631,67195.300000,82813.377274
9.641,67180.200000,82769.870308
9.651,67165.100000,82726.395333
9.661,67150.100000,82683.052327
9.671,67135.000000,82639.642819
9.681,67120.000000,82596.365234
9.691,67105.000000,82553.121093
9.701,67089.900000,82509.808826
9.711,67074.900000,82466.628413
9.721,67059.900000,82423.659563
9.731,67045.000000,82380.645679
9.741,67030.000000,82337.739883
9.751,67015.100000,82294.968551
9.761,67000.100000,82251.949585
9.771,66985.200000,82209.241166
9.781,66970.300000,82166.565602
9.791,66955.400000,82123.921347
9.801,66940.500000,82081.308381
9.811,66925.600000,82038.728194
9.821,66910.700000,81996.355674
9.831,66895.900000,81953.937775
9.841,66881.000000,81911.452580
9.851,66866.200000,81869.275958
9.861,66851.400000,81826.954413
9.871,66836.600000,81784.839541
9.881,66821.800000,81742.755427
9.891,66807.000000,81700.705030
9.901,66792.300000,81658.783851
9.911,66777.500000,81616.794850
9.921,66762.800000,81574.936514
9.931,66748.000000,81533.010304
9.941,66733.300000,81491.214715
9.951,66718.600000,81449.449727
9.961,66703.900000,81407.890762
9.971,66689.200000,81366.189675
9.981,66674.600000,81324.791276
9.991,66659.900000,81283.151059
10.001,66645.300000,81241.816069
10.011,66630.600000,81200.411197
10.021,66616.000000,81159.136423
10.031,66601.400000,81117.893181
10.041,66586.800000,81076.679993
10.051,66572.200000,81035.498288
10.061,66557.600000,80994.346592
10.071,66543.100000,80953.324886
10.081,66528.500000,80912.406484
10.091,66514.000000,80871.445962
10.101,66499.500000,80830.686915
10.111,66485.000000,80789.958865
10.121,66470.500000,80749.089146
10.131,66456.000000,80708.421752
10.141,66441.500000,80667.783854
10.151,66427.000000,80627.176853
10.161,66412.600000,80586.699305
10.171,66398.200000,80546.251189
10.181,66383.700000,80505.733901
10.191,66369.300000,80465.346003
10.201,66354.900000,80425.157314
10.211,66340.500000,80384.829373
10.221,66326.100000,80344.700259
10.231,66311.800000,80304.532186
10.241,66297.400000,80264.461156
10.251,66283.100000,80224.521851
10.261,66268.700000,80184.511448
10.271,66254.400000,80144.461278
10.281,66240.100000,80104.608792
10.291,66225.800000,80064.954852
10.301,66211.500000,80025.161252
10.311,66197.300000,79985.497838
10.321,66183.000000,79945.763204
10.331,66168.800000,79906.324970
10.341,66154.500000,79866.649047
10.351,66140.300000,79827.269145
10.361,66126.100000,79787.751843
10.371,66111.900000,79748.430185
10.381,66097.700000,79709.136851
10.391,66083.500000,79669.705191
10.401,66069.400000,79630.569976
10.411,66055.200000,79591.364382
10.421,66041.100000,79552.285674
10.431,66027.000000,79513.403862
10.441,66012.800000,79474.282769
10.451,65998.700000,79435.291210
10.461,65984.600000,79396.493279
10.471,65970.600000,79357.659205
10.481,65956.500000,79318.918385
10.491,65942.400000,79280.040371
10.501,65928.400000,79241.456579
10.511,65914.400000,79202.900519
10.521,65900.300000,79164.107704
10.531,65886.300000,79125.608548
10.541,65872.300000,79087.137065
10.551,65858.400000,79048.793239
10.561,65844.400000,79010.378371
10.571,65830.400000,78972.154763
10.581,65816.500000,78933.896261
10.591,65802.500000,78895.565335
10.601,65788.600000,78857.525116
10.611,65774.700000,78819.350433
10.621,65761.000000,78781.566090
10.631,65747.800000,78744.146261
10.641,65734.600000,78706.917712
10.651,65721.400000,78669.716295
10.661,65708.300000,78632.641995
10.671,65695.100000,78595.496088
10.681,65682.000000,78558.477257
10.691,65668.900000,78521.485486
10.701,65655.800000,78484.522045
10.711,65642.700000,78447.585625
10.721,65629.600000,78410.677490
10.731,65616.500000,78373.956083
10.741,65603.500000,78337.203012
10.751,65590.400000,78300.536309
10.761,65577.400000,78263.836945
10.771,65564.300000,78227.224868
10.781,65551.300000,78190.580410
10.791,65538.300000,78154.122876
10.801,65525.300000,78117.691871
10.811,65512.300000,78081.287378
10.821,65499.400000,78045.010640
10.831,65486.400000,78008.660376
10.841,65473.400000,77972.337824
10.851,65460.500000,77936.141708
10.861,65447.600000,77900.130938
10.871,65434.700000,77863.988731
10.881,65421.700000,77827.772905
10.891,65408.800000,77791.841888
10.901,65396.000000,77755.879855
10.911,65383.100000,77720.002274
10.921,65370.200000,77684.150683
10.931,65357.400000,77648.268494
10.941,65344.500000,77612.468991
10.951,65331.700000,77576.797888
10.961,65318.900000,77541.151474
10.971,65306.100000,77505.532188
10.981,65293.300000,77469.940009
10.991,65280.500000,77434.372471
11.001,65267.700000,77398.832001
11.011,65254.900000,77363.473894
11.021,65242.200000,77328.086123
11.031,65229.400000,77292.780361
11.041,65216.700000,77257.444000
11.051,65204.000000,77222.290507
11.061,65191.300000,77187.005489
11.071,65178.600000,77151.904190
11.081,65165.900000,77116.827077
11.091,65153.200000,77081.621269
11.101,65140.500000,77046.596243
11.111,65127.900000,77011.697750
11.121,65115.200000,76976.723384
11.131,65102.600000,76941.876706
11.141,65090.000000,76907.208606
11.151,65077.400000,76872.412323
11.161,65064.800000,76837.641291
11.171,65052.200000,76802.895495
11.181,65039.600000,76768.329954
11.191,65027.000000,76733.635599
11.201,65014.500000,76699.219973
11.211,65001.900000,76664.576986
11.221,64989.400000,76630.212380
11.231,64976.900000,76595.872594
11.241,64964.300000,76561.458780
11.251,64951.800000,76527.016986
11.261,64939.300000,76492.752882
11.271,64926.900000,76458.614692
11.281,64914.400000,76424.400080
11.291,64901.900000,76390.212502
11.301,64889.500000,76356.300459
11.311,64877.000000,76322.162112
11.321,64864.600000,76288.148434
11.331,64852.200000,76254.310935
11.341,64839.800000,76220.347540
11.351,64827.400000,76186.559980
11.361,64815.000000,76152.645651
11.371,64802.600000,76118.907959
11.381,64790.300000,76085.143772
11.391,64777.900000,76051.454740
11.401,64765.600000,76017.889938
11.411,64753.200000,75984.250482
11.421,64740.900000,75950.735223
11.431,64728.600000,75917.245271
11.441,64716.300000,75883.778357
11.451,64704.000000,75850.337839
11.461,64691.700000,75816.920329
11.471,64679.500000,75783.626937
11.481,64667.200000,75750.407986
11.491,64655.000000,75717.164856
11.501,64642.700000,75683.844679
11.511,64630.500000,75650.798432
11.521,64618.300000,75617.775915
11.531,64606.100000,75584.628651
11.541,64593.900000,75551.654806
11.551,64581.700000,75518.704644
11.561,64569.500000,75485.630143
11.571,64557.400000,75452.828550
11.581,64545.200000,75419.950593
11.591,64533.100000,75387.196255
11.601,64521.000000,75354.465523
11.611,64508.900000,75321.759471
11.621,64496.700000,75288.976992
11.631,64484.600000,75256.465019
11.641,64472.600000,75223.930574
11.651,64460.500000,75191.319653
11.661,64448.400000,75158.878740
11.671,64436.400000,75126.414676
11.681,64424.300000,75094.021365
11.691,64412.300000,75061.605171
11.701,64400.300000,75029.358321
11.711,64388.300000,74997.135676
11.721,64376.300000,74964.790550
11.731,64364.300000,74932.614274
11.741,64352.300000,74900.461085
11.751,64340.300000,74868.332032
11.761,64328.300000,74836.226035
11.771,64316.400000,74804.243080
11.781,64304.500000,74772.284208
11.791,64292.500000,74740.391845
11.801,64280.600000,74708.479883
11.811,64268.700000,74676.589850
11.821,64256.800000,74644.867938
11.831,64244.900000,74613.023677
11.841,64233.100000,74581.448251
11.851,64221.200000,74549.650744
11.861,64209.300000,74518.020698
11.871,64197.500000,74486.369880
11.881,64185.700000,74454.885156
11.891,64173.800000,74423.324033
11.901,64162.000000,74391.885458
11.911,64150.200000,74360.469419
11.921,64138.400000,74329.075902
11.931,64126.700000,74297.805918
11.941,64114.900000,74266.458426
11.951,64103.100000,74235.133410
11.961,64091.400000,74203.930858
11.971,64079.600000,74172.651773
11.981,64067.900000,74141.636866
11.991,64056.200000,74110.502485
12.001,64044.500000,74079.532975
12.011,64032.800000,74048.444253
12.021,64021.100000,74017.519065
12.031,64009.400000,73986.474932
12.041,63997.800000,73955.695018
12.051,63986.100000,73924.836140
12.061,63974.500000,73893.959714
12.071,63962.800000,73863.147021
12.081,63951.200000,73832.455325
12.091,63939.600000,73801.786609
12.101,63928.000000,73771.140854
12.111,63916.400000,73740.516059
12.121,63904.800000,73709.914194
12.131,63893.200000,73679.334254
12.141,63881.700000,73649.015639
12.151,63870.100000,73618.479364
12.161,63858.600000,73588.065955
12.171,63847.000000,73557.713394
12.181,63835.500000,73527.343564
12.191,63824.000000,73497.134267
12.201,63812.500000,73466.808937
12.211,63801.000000,73436.643822
12.221,63789.500000,73406.500218
12.231,63778.100000,73376.340965
12.241,63766.600000,73346.241452
12.251,63755.200000,73316.263408
12.261,63743.700000,73286.206820
12.271,63732.300000,73256.271674
12.281,63720.900000,73226.358918
12.291,63709.500000,73196.467575
12.301,63698.100000,73166.597633
12.311,63686.700000,73136.750033
12.321,63675.300000,73107.059678
12.331,63664.000000,73077.354668
12.341,63652.600000,73047.571951
12.351,63641.300000,73018.046016
12.361,63629.900000,72988.305805
12.371,63618.600000,72958.823012
12.381,63607.300000,72929.225256
12.391,63596.000000,72899.784606
12.401,63584.700000,72870.230190
12.411,63573.400000,72840.832568
12.421,63562.100000,72811.455900
12.431,63550.900000,72782.201105
12.441,63539.600000,72752.866305
12.451,63528.400000,72723.653350
12.461,63517.100000,72694.361295
12.471,63505.900000,72665.191053
12.481,63494.700000,72636.040760
12.491,63483.500000,72606.912252
12.501,63472.300000,72577.804591
12.511,63461.100000,72548.718683
12.521,63450.000000,72519.886668
12.531,63438.800000,72490.842246
12.541,63427.700000,72461.918620
12.551,63416.500000,72433.049344
12.561,63405.400000,72404.168038
12.571,63394.300000,72375.440774
12.581,63383.200000,72346.733972
12.591,63372.100000,72317.914611
12.601,63361.000000,72289.248835
12.611,63349.900000,72260.604386
12.621,63338.800000,72231.980346
12.631,63327.800000,72203.476704
12.641,63316.700000,72174.761139
12.651,63305.700000,72146.299289
12.661,63294.600000,72117.757799
12.671,63283.600000,72089.468545
12.681,63272.600000,72061.067596
12.691,63261.600000,72032.687857
12.701,63250.600000,72004.328424
12.711,63239.700000,71976.089287
12.721,63228.700000,71947.901630
12.731,63217.700000,71919.602909
12.741,63206.800000,71891.556245
12.751,63195.800000,71863.298768
12.761,63184.900000,71835.292166
12.771,63174.000000,71807.175003
12.781,63163.100000,71779.209287
12.791,63152.200000,71751.263489
12.801,63141.300000,71723.207506
12.811,63130.400000,71695.301645
12.821,63119.600000,71667.515668
12.831,63108.700000,71639.650424
12.841,63097.900000,71611.905036
12.851,63087.000000,71584.079493
12.861,63076.200000,71556.373783
12.871,63065.400000,71528.688750
12.881,63054.600000,71501.023524
12.891,63043.800000,71473.378094
12.901,63033.000000,71445.752447
12.911,63022.200000,71418.275151
12.921,63011.400000,71390.689747
12.931,63000.700000,71363.224090
12.941,62989.900000,71335.806336
12.951,62979.200000,71308.379999
12.961,62968.500000,71281.102111
12.971,62957.800000,71253.715048
12.981,62947.100000,71226.476135
12.991,62936.400000,71199.256624
13.001,62925.700000,71172.057337
13.011,62915.000000,71144.749378
13.021,62904.300000,71117.588970
13.031,62893.700000,71090.547916
13.041,62883.000000,71063.426204
13.051,62872.400000,71036.424650
13.061,62861.800000,71009.441588
13.071,62851.200000,70982.478658
13.081,62840.500000,70955.435023
13.091,62830.000000,70928.610672
13.101,62819.400000,70901.706411
13.111,62808.800000,70874.947271
13.121,62798.200000,70848.080565
13.131,62787.700000,70821.334725
13.141,62777.100000,70794.632755
13.151,62766.600000,70767.924404
13.161,62756.100000,70741.361255
13.171,62745.500000,70714.591970
13.181,62735.000000,70688.066784
13.191,62724.500000,70661.435709
13.201,62714.100000,70635.049245
13.211,62703.600000,70608.581654
13.221,62693.100000,70582.008540
13.231,62682.700000,70555.678798
13.241,62672.200000,70529.267896
13.251,62661.800000,70502.976619
13.261,62651.300000,70476.603365
13.271,62640.900000,70450.349712
13.281,62630.500000,70424.114853
13.291,62620.100000,70397.899566
13.301,62609.700000,70371.702264
13.311,62599.400000,70345.624509
13.321,62589.000000,70319.588554
13.331,62578.600000,70293.448153
13.341,62568.300000,70267.426480
13.351,62557.900000,70241.446955
13.361,62547.600000,70215.462571
13.371,62537.300000,70189.497658
13.381,62527.000000,70163.673682
13.391,62516.700000,70137.746762
13.401,62506.400000,70111.959720
13.411,62496.100000,70086.191833
13.421,62485.800000,70060.320591
13.431,62475.600000,70034.689570
13.441,62465.300000,70008.976901
13.451,62455.100000,69983.383335
13.461,62444.900000,69957.807336
13.471,62434.600000,69932.029350
13.481,62424.400000,69906.490870
13.491,62414.200000,69880.970687
13.501,62404.000000,69855.469545
13.511,62393.900000,69830.085922
13.521,62383.700000,69804.741728
13.531,62373.500000,69779.295245
13.541,62363.400000,69753.967004
13.551,62353.200000,69728.557742
13.561,62343.100000,69703.385840
13.571,62333.000000,69678.112876
13.581,62322.900000,69652.858111
13.591,62312.800000,69627.741028
13.601,62302.700000,69602.522498
13.611,62292.600000,69577.442107
13.621,62282.500000,69552.259770
13.631,62272.500000,69527.315289
13.641,62262.400000,69502.169838
13.651,62252.400000,69477.261224
13.661,62242.300000,69452.271194
13.671,62232.300000,69427.398276
13.681,62222.300000,69402.425596
13.691,62212.300000,69377.589190
13.701,62202.300000,69352.770595
13.711,62192.300000,69327.970525
13.721,62182.300000,69303.187520
13.731,62172.400000,69278.523017
13.741,62162.400000,69253.775564
13.751,62152.500000,69229.147307
13.761,62142.500000,69204.553367
13.771,62132.600000,69179.959749
13.781,62122.700000,69155.384572
13.791,62112.800000,69130.826400
13.801,62102.900000,69106.403420
13.811,62093.000000,69081.881235
13.821,62083.100000,69057.377444
13.831,62073.200000,69033.007007
13.841,62063.400000,69008.638426
13.851,62053.500000,68984.302926
13.861,62043.700000,68959.969518
13.871,62033.900000,68935.770317
13.881,62024.000000,68911.487783
13.891,62014.200000,68887.206991
13.901,62004.400000,68863.059989
13.911,61994.600000,68838.930324
13.921,61984.800000,68814.817987
13.931,61975.100000,68790.822968
13.941,61965.300000,68766.745257
13.951,61955.600000,68742.670683
13.961,61945.800000,68718.627686
13.971,61936.100000,68694.817251
13.981,61926.400000,68670.909359
13.991,61916.600000,68646.919409
14.001,61906.900000,68623.046023
14.011,61897.200000,68599.189876
14.021,61887.600000,68575.451637
14.031,61877.900000,68551.744449
14.041,61868.200000,68527.940509
14.051,61858.600000,68504.253767
14.061,61848.900000,68480.598340
14.071,61839.300000,68456.945838
14.081,61829.700000,68433.424377
14.091,61820.000000,68409.706748
14.101,61810.400000,68386.219214
14.111,61800.800000,68362.635746
14.121,61791.200000,68339.182103
14.131,61781.700000,68315.845992
14.141,61772.100000,68292.313632
14.151,61762.500000,68268.911351
14.161,61753.000000,68245.625909
14.171,61743.400000,68222.257295
14.181,61733.900000,68199.006158
14.191,61724.400000,68175.771173
14.201,61714.900000,68152.553644
14.211,61705.400000,68129.352904
14.221,61695.900000,68106.168945
14.231,61686.400000,68083.001757
14.241,61676.900000,68059.851332
14.251,61667.400000,68036.717659
14.261,61658.000000,68013.701377
14.271,61648.500000,67990.712639
14.281,61639.200000,67967.829687
14.291,61630.200000,67945.263450
14.301,61621.300000,67922.924356
14.311,61612.400000,67900.491395
14.321,61603.500000,67878.075759
14.331,61594.500000,67855.686863
14.341,61585.700000,67833.513750
14.351,61576.800000,67811.147866
14.361,61567.900000,67788.908954
14.371,61559.000000,67766.576233
14.381,61550.200000,67744.469586
14.391,61541.300000,67722.279940
14.401,61532.500000,67700.206656
14.411,61523.600000,67677.940655
14.421,61514.800000,67655.900193
14.431,61506.000000,67633.876067
14.441,61497.200000,67611.868269
14.451,61488.400000,67589.877409
14.461,61479.600000,67567.902855
14.471,61470.800000,67545.943983
14.481,61462.000000,67524.002020
14.491,61453.300000,67502.176337
14.501,61444.500000,67480.267539
14.511,61435.800000,67458.582228
14.521,61427.000000,67436.705822
14.531,61418.300000,67414.945051
14.541,61409.600000,67393.201125
14.551,61400.900000,67371.580770
14.561,61392.200000,67349.869166
14.571,61383.500000,67328.281474
14.581,61374.800000,67306.602155
14.591,61366.200000,67285.146485
14.601,61357.500000,67263.500017
14.611,61348.800000,67241.975733
14.621,61340.200000,67220.461480
14.631,61331.600000,67199.070344
14.641,61322.900000,67177.594513
14.651,61314.300000,67156.128454
14.661,61305.700000,67134.785116
14.671,61297.100000,67113.457652
14.681,61288.500000,67092.146055
14.691,61279.900000,67070.850315
14.701,61271.400000,67049.564912
14.711,61262.800000,67028.300983
14.721,61254.200000,67007.053473
14.731,61245.700000,66985.921200
14.741,61237.200000,66964.805326
14.751,61228.600000,66943.710161
14.761,61220.100000,66922.625767
14.771,61211.600000,66901.557162
14.781,61203.100000,66880.504336
14.791,61194.600000,66859.467859
14.801,61186.100000,66838.550868
14.811,61177.600000,66817.545785
14.821,61169.200000,66796.656446
14.831,61160.700000,66775.786781
14.841,61152.300000,66754.928787
14.851,61143.800000,66733.986512
14.861,61135.400000,66713.263524
14.871,61127.000000,66692.453110
14.881,61118.600000,66671.761159
14.891,61110.100000,66650.985218
14.901,61101.800000,66630.321618
14.911,61093.400000,66609.676661
14.921,61085.000000,66589.047124
14.931,61076.600000,66568.330823
14.941,61068.300000,66547.832220
14.951,61059.900000,66527.249569
14.961,61051.600000,66506.781749
14.971,61043.200000,66486.127608
14.981,61034.900000,66465.691211
14.991,61026.600000,66445.270175
15.001,61018.300000,66424.865043
15.011,61010.000000,66404.474705
15.021,61001.700000,66384.099705
15.031,60993.400000,66363.740581
15.041,60985.100000,66343.498195
15.051,60976.900000,66323.269583
15.061,60968.600000,66302.956275
15.071,60960.400000,66282.758262
15.081,60952.100000,66262.475538
15.091,60943.900000,66242.408916
15.101,60935.700000,66222.257163
15.111,60927.500000,66202.120672
15.121,60919.300000,66182.099365
15.131,60911.100000,66161.993257
15.141,60902.900000,66142.002617
15.151,60894.700000,66121.926859
15.161,60886.600000,66102.066847
15.171,60878.400000,66082.021408
15.181,60870.300000,66062.191460
15.191,60862.100000,66042.176308
15.201,60854.000000,66022.376393
15.211,60845.900000,66002.591423
15.221,60837.800000,65982.722108
15.231,60829.700000,65962.967124
15.241,60821.600000,65943.227062
15.251,60813.500000,65923.502436
15.261,60805.400000,65903.792196
15.271,60797.300000,65884.097373
15.281,60789.300000,65864.418864
15.291,60781.200000,65844.753931
15.301,60773.200000,65825.203359
15.311,60765.100000,65805.568682
15.321,60757.100000,65786.146457
15.331,60749.100000,65766.640861
15.341,60741.100000,65747.150618
15.351,60733.100000,65727.674702
15.361,60725.100000,65708.214124
15.371,60717.100000,65688.768365
15.381,60709.100000,65669.434822
15.391,60701.200000,65650.118563
15.401,60693.200000,65630.717102
15.411,60685.300000,65611.430431
15.421,60677.300000,65592.155978
15.431,60669.400000,65572.898747
15.441,60661.500000,65553.753484
15.451,60653.600000,65534.525663
15.461,60645.700000,65515.409560
15.471,60637.800000,65496.211615
15.481,60629.900000,65477.124642
15.491,60622.000000,65457.956537
15.501,60614.100000,65438.898663
15.511,60606.300000,65419.955271
15.521,60598.400000,65400.831070
15.531,60590.600000,65381.917222
15.541,60582.800000,65363.017344
15.551,60574.900000,65344.032405
15.561,60567.100000,65325.066600
15.571,60559.300000,65306.210655
15.581,60551.500000,65287.369621
15.591,60543.700000,65268.542525
15.601,60535.900000,65249.729843
15.611,60528.200000,65231.032047
15.621,60520.400000,65212.248650
15.631,60512.700000,65193.579166
15.641,60504.900000,65174.824543
15.651,60497.200000,65156.184297
15.661,60489.400000,65137.458420
15.671,60481.700000,65118.847378
15.681,60474.000000,65100.344140
15.691,60466.300000,65081.761212
15.701,60458.600000,65063.193095
15.711,60450.900000,65044.638840
15.721,60443.200000,65026.192843
15.731,60435.600000,65007.767585
15.741,60427.900000,64989.256638
15.751,60420.300000,64970.953113
15.761,60412.600000,64952.470651
15.771,60405.000000,64934.195830
15.781,60397.400000,64915.841824
15.791,60389.700000,64897.494755
15.801,60382.100000,64879.169637
15.811,60374.500000,64860.951210
15.821,60367.000000,64842.754489
15.831,60359.400000,64824.563762
15.841,60351.800000,64806.387502
15.851,60344.200000,64788.133722
15.861,60336.700000,64770.085574
15.871,60329.100000,64751.951415
15.881,60321.600000,64733.931690
15.891,60314.100000,64715.833969
15.901,60306.500000,64697.742299
15.911,60299.000000,64679.764142
15.921,60291.500000,64661.800387
15.931,60284.000000,64643.850578
15.941,60276.500000,64625.914710
15.951,60269.100000,64608.092774
15.961,60261.600000,64590.185207
15.971,60254.100000,64572.291117
15.981,60246.700000,64554.510940
15.991,60239.200000,64536.645107
16.001,60231.800000,64518.893172
16.011,60224.400000,64501.154692
16.021,60216.900000,64483.330532
16.031,60209.500000,64465.710183
16.041,60202.100000,64448.013659
16.051,60194.700000,64430.330999
16.061,60187.400000,64412.762197
16.071,60180.000000,64395.197156
16.081,60172.600000,64377.555935
16.091,60165.300000,64360.028979
16.101,60157.900000,64342.504567
16.111,60150.600000,64325.005151
16.121,60143.200000,64307.508468
16.131,60135.900000,64290.036563
16.141,60128.600000,64272.667154
16.151,60121.300000,64255.222735
16.161,60114.000000,64237.880574
16.171,60106.700000,64220.463615
16.181,60099.400000,64203.148676
16.191,60092.100000,64185.847700
16.201,60084.900000,64168.571824
16.211,60077.600000,64151.298029
16.221,60070.400000,64134.137757
16.231,60063.100000,64116.891003
16.241,60055.900000,64099.670188
16.251,60048.700000,64082.550561
16.261,60041.500000,64065.444433
16.271,60034.300000,64048.351798
16.281,60027.100000,64031.272647
16.291,60019.900000,64014.207384
16.301,60012.700000,63997.155185
16.311,60005.500000,63980.116859
16.321,59998.400000,63963.191586
16.331,59991.200000,63946.180170
16.341,59984.100000,63929.282201
16.351,59977.000000,63912.397670
16.361,59969.800000,63895.426573
16.371,59962.700000,63878.568902
16.381,59955.600000,63861.810665
16.391,59948.500000,63844.979718
16.401,59941.400000,63828.162576
16.411,59934.300000,63811.358437
16.421,59927.200000,63794.653658
16.431,59920.200000,63777.976193
16.441,59913.100000,63761.212503
16.451,59906.100000,63744.647425
16.461,59899.000000,63727.910367
16.471,59892.000000,63711.371298
16.481,59885.000000,63694.761238
16.491,59877.900000,63678.148934
16.501,59870.900000,63661.565067
16.511,59863.900000,63645.079113
16.521,59856.900000,63628.522190
16.531,59850.000000,63612.162560
16.541,59843.000000,63595.716412
16.551,59836.000000,63579.198838
16.561,59829.100000,63562.878977
16.571,59822.100000,63546.472194
16.581,59815.200000,63530.178483
16.591,59808.200000,63513.714145
16.601,59801.300000,63497.446671
16.611,59794.400000,63481.192253
16.621,59787.500000,63464.950882
16.631,59780.600000,63448.722554
16.641,59773.700000,63432.507637
16.651,59766.800000,63416.305375
16.661,59759.900000,63400.116510
16.671,59753.100000,63384.040291
16.681,59746.200000,63367.877455
16.691,59739.400000,63351.827624
16.701,59732.500000,63335.690791
16.711,59725.700000,63319.666585
16.721,59718.900000,63303.655734
16.731,59712.100000,63287.740392
16.741,59705.300000,63271.755387
16.751,59698.500000,63255.783352
16.761,59691.700000,63239.824280
16.771,59684.900000,63223.878528
16.781,59678.100000,63208.026983
16.791,59671.400000,63192.207017
16.801,59664.600000,63176.381031
16.811,59657.900000,63160.586827
16.821,59651.100000,63144.705551
16.831,59644.400000,63129.018269
16.841,59637.700000,63113.262720
16.851,59631.000000,63097.600937
16.861,59624.300000,63081.871092
16.871,59617.600000,63066.234784
16.881,59610.900000,63050.530620
16.891,59604.200000,63034.919765
16.901,59597.500000,63019.321923
16.911,59590.900000,63003.756182
16.921,59584.200000,62988.183756
16.931,59577.600000,62972.723629
16.941,59570.900000,62957.096605
16.951,59564.300000,62941.662206
16.961,59557.700000,62926.240435
16.971,59551.100000,62910.830943
16.981,59544.500000,62895.434412
16.991,59537.900000,62879.971148
17.001,59531.300000,62864.600282
17.011,59524.700000,62849.241674
17.021,59518.100000,62833.895661
17.031,59511.600000,62818.662237
17.041,59505.000000,62803.341732
17.051,59498.500000,62788.133468
17.061,59491.900000,62772.838111
17.071,59485.400000,62757.654984
17.081,59478.900000,62742.484752
17.091,59472.400000,62727.327073
17.101,59465.900000,62712.259773
17.111,59459.400000,62697.127078
17.121,59452.900000,62682.006921
17.131,59446.400000,62666.899296
17.141,59439.900000,62651.804197
17.151,59433.500000,62636.899245
17.161,59427.000000,62621.829401
17.171,59420.600000,62606.871739
17.181,59414.100000,62591.903888
17.191,59407.700000,62576.971447
17.201,59401.300000,62562.051174
17.211,59394.900000,62547.220697
17.221,59388.500000,62532.325287
17.231,59382.100000,62517.519447
17.241,59375.700000,62502.649197
17.251,59369.300000,62487.867653
17.261,59363.000000,62473.122222
17.271,59356.600000,62458.365591
17.281,59350.200000,62443.544955
17.291,59343.900000,62428.912896
17.301,59337.600000,62414.217034
17.311,59331.200000,62399.509839
17.321,59324.900000,62384.914545
17.331,59318.600000,62370.255750
17.341,59312.300000,62355.685286
17.351,59306.000000,62341.126708
17.361,59299.700000,62326.580634
17.371,59293.400000,62311.971151
17.381,59287.200000,62297.549551
17.391,59280.900000,62283.039819
17.401,59274.700000,62268.642567
17.411,59268.400000,62254.157480
17.421,59262.200000,62239.784554
17.431,59255.900000,62225.323783
17.441,59249.700000,62210.975162
17.451,59243.500000,62196.564245
17.461,59237.300000,62182.240014
17.471,59231.100000,62167.927918
17.481,59224.900000,62153.702075
17.491,59218.800000,62139.514425
17.501,59212.600000,62125.238595
17.511,59206.400000,62110.974880
17.521,59200.300000,62096.823569
17.531,59194.100000,62082.584065
17.541,59188.000000,62068.456954
17.551,59181.900000,62054.341935
17.561,59175.700000,62040.211993
17.571,59169.600000,62026.121038
17.581,59163.500000,62012.042160
17.591,59157.400000,61997.975354
17.601,59151.300000,61983.993477
17.611,59145.300000,61970.050694
17.621,59139.200000,61956.019967
17.631,59133.100000,61942.073840
17.641,59127.100000,61928.167106
17.651,59121.000000,61914.244753
17.661,59115.000000,61900.362276
17.671,59109.000000,61886.563676
17.681,59102.900000,61872.604867
17.691,59096.900000,61858.758362
17.701,59090.900000,61844.995407
17.711,59084.900000,61831.244535
17.721,59078.900000,61817.433570
17.731,59072.900000,61803.706391
17.741,59067.000000,61790.019598
17.751,59061.000000,61776.315812
17.761,59055.100000,61762.724081
17.771,59049.100000,61748.973035
17.781,59043.200000,61735.404947
17.791,59037.200000,61721.748621
17.801,59031.300000,61708.133277
17.811,59025.400000,61694.600564
17.821,59019.500000,61681.079599
17.831,59013.600000,61667.570376
17.841,59007.700000,61654.073162
17.851,59001.800000,61640.587410
17.861,58996.000000,61627.143233
17.871,58990.100000,61613.681305
17.881,58984.200000,61600.230826
17.891,58978.400000,61586.892327
17.901,58972.500000,61573.465271
17.911,58966.700000,61560.150184
17.921,58960.900000,61546.846530
17.931,58955.100000,61533.554835
17.941,58949.300000,61520.274829
17.951,58943.500000,61507.006507
17.961,58937.700000,61493.749864
17.971,58931.900000,61480.504634
17.981,58926.100000,61467.340247
17.991,58920.400000,61454.218511
18.001,58914.600000,61441.008435
18.011,58908.800000,61427.810015
18.021,58903.100000,61414.723503
18.031,58897.400000,61401.716774
18.041,58891.600000,61388.553189
18.051,58885.900000,61375.501241
18.061,58880.200000,61362.461180
18.071,58874.500000,61349.500475
18.081,58868.800000,61336.483306
18.091,58863.100000,61323.478008
18.101,58857.500000,61310.651747
18.111,58851.800000,61297.669567
18.121,58846.100000,61284.766210
18.131,58840.500000,61271.907130
18.141,58834.800000,61258.959643
18.151,58829.200000,61246.190908
18.161,58823.600000,61233.366247
18.171,58818.000000,61220.620370
18.181,58812.400000,61207.885865
18.191,58806.800000,61195.095972
18.201,58801.200000,61182.384297
18.211,58795.600000,61169.617430
18.221,58790.000000,61156.928568
18.231,58784.400000,61144.251054
18.241,58778.900000,61131.618641
18.251,58773.300000,61118.963912
18.261,58767.800000,61106.420759
18.271,58762.200000,61093.722759
18.281,58756.700000,61081.202124
18.291,58751.200000,61068.693048
18.301,58745.700000,61056.195051
18.311,58740.200000,61043.642839
18.321,58734.700000,61031.167801
18.331,58729.200000,61018.703831
18.341,58723.700000,61006.251396
18.351,58718.200000,60993.810254
18.361,58712.800000,60981.480169
18.371,58707.300000,60969.061603
18.381,58701.900000,60956.754318
18.391,58696.400000,60944.293364
18.401,58691.000000,60932.008731
18.411,58685.600000,60919.735365
18.421,58680.100000,60907.373263
18.431,58674.700000,60895.186729
18.441,58669.300000,60882.947040
18.451,58663.900000,60870.718601
18.461,58658.600000,60858.601409
18.471,58653.200000,60846.395459
18.481,58647.800000,60834.200747
18.491,58642.500000,60822.117268
18.501,58637.100000,60809.945019
18.511,58631.800000,60797.884217
18.521,58626.400000,60785.797812
18.531,58621.100000,60773.759123
18.541,58615.800000,60761.731866
18.551,58610.500000,60749.715597
18.561,58605.200000,60737.773527
18.571,58599.900000,60725.779778
18.581,58594.600000,60713.797006
18.591,58589.300000,60701.888335
18.601,58584.100000,60690.027839
18.611,58578.800000,60678.078742
18.621,58573.600000,60666.303212
18.631,58568.300000,60654.376151
18.641,58563.100000,60642.622662
18.651,58557.800000,60630.718047
18.661,58552.600000,60618.924594
18.671,58547.400000,60607.203973
18.681,58542.200000,60595.432728
18.691,58537.000000,60583.734318
18.701,58531.800000,60571.985265
18.711,58526.600000,60560.308837
18.721,58521.500000,60548.743344
18.731,58516.300000,60537.027497
18.741,58511.200000,60525.483963
18.751,58506.000000,60513.790267
18.761,58500.900000,60502.268674
18.771,58495.700000,60490.658202
18.781,58490.600000,60479.097650
18.791,58485.500000,60467.608889
18.801,58480.400000,60456.131032
18.811,58475.300000,60444.664276
18.821,58470.200000,60433.147827
18.831,58465.100000,60421.702753
18.841,58460.000000,60410.268767
18.851,58455.000000,60398.945463
18.861,58449.900000,60387.473251
18.871,58444.900000,60376.171800
18.881,58439.800000,60364.781418
18.891,58434.800000,60353.501705
18.901,58429.800000,60342.233051
18.911,58424.700000,60330.875060
18.921,58419.700000,60319.628119
18.931,58414.700000,60308.392028
18.941,58409.700000,60297.166590
18.951,58404.800000,60286.052189
18.961,58399.800000,60274.848626
18.971,58394.800000,60263.655898
18.981,58389.800000,60252.473809
18.991,58384.900000,60241.402739
19.001,58379.900000,60230.242493
19.011,58375.000000,60219.193065
19.021,58370.100000,60208.154452
19.031,58365.200000,60197.126652
19.041,58360.200000,60186.009658
19.051,58355.300000,60175.003469
19.061,58350.400000,60164.008079
19.071,58345.600000,60153.181384
19.081,58340.700000,60142.207483
19.091,58335.800000,60131.244556
19.101,58330.900000,60120.292228
19.111,58326.100000,60109.450682
19.121,58321.200000,60098.577315
19.131,58316.400000,60087.757220
19.141,58311.600000,60076.948076
19.151,58306.700000,60066.049515
19.161,58301.900000,60055.318725
19.171,58297.100000,60044.541765
19.181,58292.300000,60033.775381
19.191,58287.500000,60023.076636
19.201,58282.700000,60012.331650
19.211,58277.900000,60001.653921
19.221,58273.200000,59991.030495
19.231,58268.400000,59980.317629
19.241,58263.700000,59969.771888
19.251,58258.900000,59959.080557
19.261,58254.200000,59948.555798
19.271,58249.500000,59937.985813
19.281,58244.700000,59927.382197
19.291,58240.000000,59916.833543
19.301,58235.300000,59906.351226
19.311,58230.600000,59895.879417
19.321,58225.900000,59885.362512
19.331,58221.300000,59875.011809
19.341,58216.600000,59864.516368
19.351,58211.900000,59854.086756
19.361,58207.300000,59843.767634
19.371,58202.600000,59833.303890
19.381,58198.000000,59823.005838
19.391,58193.300000,59812.618265
19.401,58188.700000,59802.286522
19.411,58184.100000,59792.019997
19.421,58179.500000,59781.763941
19.431,58174.900000,59771.518352
19.441,58170.300000,59761.228969
19.451,58165.700000,59751.004398
19.461,58161.100000,59740.790283
19.471,58156.600000,59730.686620
19.481,58152.000000,59720.493405
19.491,58147.500000,59710.357029
19.501,58142.900000,59700.184797
19.511,58138.400000,59690.123004
19.521,58133.800000,59679.971645
19.531,58129.300000,59669.930717
19.541,58124.800000,59659.900374
19.551,58120.300000,59649.880298
19.561,58115.800000,59639.870641
19.571,58111.300000,59629.871403
19.581,58106.800000,59619.882733
19.591,58102.400000,59610.004318
19.601,58097.900000,59600.036310
19.611,58093.500000,59590.178859
19.621,58089.000000,59580.231654
19.631,58084.600000,59570.394998
19.641,58080.100000,59560.468583
19.651,58075.700000,59550.652709
19.661,58071.300000,59540.847069
19.671,58066.900000,59531.051963
19.681,58062.500000,59521.267087
19.691,58058.100000,59511.492736
19.701,58053.700000,59501.780330
19.711,58049.300000,59492.026623
19.721,58045.000000,59482.383134
19.731,58040.600000,59472.650156
19.741,58036.200000,59462.927536
19.751,58031.900000,59453.366362
19.761,58027.600000,59443.764353
19.771,58023.200000,59434.072693
19.781,58018.900000,59424.491234
19.791,58014.600000,59414.971112
19.801,58010.300000,59405.410382
19.811,58006.000000,59395.859845
19.821,58001.700000,59386.370343
19.831,57997.400000,59376.840514
19.841,57993.100000,59367.321011
19.851,57988.900000,59357.962100
19.861,57984.600000,59348.463001
19.871,57980.400000,59339.124437
19.881,57976.100000,59329.646011
19.891,57971.900000,59320.277895
19.901,57967.700000,59310.969873
19.911,57963.500000,59301.622270
19.921,57959.200000,59292.234562
19.931,57955.000000,59282.907459
19.941,57950.900000,59273.740052
19.951,57946.700000,59264.433436
19.961,57942.500000,59255.186317
19.971,57938.300000,59245.900177
19.981,57934.200000,59236.773334
19.991,57930.000000,59227.556576
20.001,57925.900000,59218.401075
20.011,57921.700000,59209.204574
20.021,57917.600000,59200.069517
20.031,57913.500000,59190.993260
20.041,57909.300000,59181.827074
20.051,57905.200000,59172.722610
20.061,57901.100000,59163.676649
20.071,57897.100000,59154.740749
20.081,57893.000000,59145.666850
20.091,57888.900000,59136.651285
20.101,57884.800000,59127.645644
20.111,57880.800000,59118.750050
20.121,57876.700000,59109.716829
20.131,57872.700000,59100.841418
20.141,57868.600000,59091.876173
20.151,57864.600000,59083.020837
20.161,57860.600000,59074.128245
20.171,57856.600000,59065.293068
20.181,57852.600000,59056.468042
20.191,57848.600000,59047.652916
20.201,57844.600000,59038.847810
20.211,57840.600000,59030.052846
20.221,57836.600000,59021.267773
20.231,57832.700000,59012.546093
20.241,57828.700000,59003.781258
20.251,57824.800000,58995.126309
20.261,57820.800000,58986.381362
20.271,57816.900000,58977.746535
20.281,57813.000000,58969.121586
20.291,57809.100000,58960.506632
20.301,57805.200000,58951.901786
20.311,57801.300000,58943.306811
20.321,57797.400000,58934.721939
20.331,57793.500000,58926.146932
20.341,57789.600000,58917.581905
20.351,57785.700000,58909.072446
20.361,57781.900000,58900.627274
20.371,57778.000000,58892.092188
20.381,57774.200000,58883.666956
20.391,57770.300000,58875.151803
20.401,57766.500000,58866.746498
20.411,57762.700000,58858.351265
20.421,57758.900000,58849.965877
20.431,57755.100000,58841.635268
20.441,57751.300000,58833.269689
20.451,57747.500000,58824.914170
20.461,57743.700000,58816.568484
20.471,57739.900000,58808.232851
20.481,57736.100000,58799.951398
20.491,57732.400000,58791.735436
20.501,57728.600000,58783.429517
20.511,57725.100000,58775.433421
20.521,57721.500000,58767.391222
20.531,57718.000000,58759.414885
20.541,57714.500000,58751.448577
20.551,57710.900000,58743.435766
20.561,57707.400000,58735.489095
20.571,57703.900000,58727.552443
20.581,57700.400000,58719.668996
20.591,57697.000000,58711.851965
20.601,57693.500000,58703.988048
20.611,57690.000000,58696.090732
20.621,57686.500000,58688.203420
20.631,57683.100000,58680.468826
20.641,57679.600000,58672.601110
20.651,57676.200000,58664.886020
20.661,57672.700000,58657.038093
20.671,57669.300000,58649.342394
20.681,57665.900000,58641.614144
20.691,57662.500000,58633.938029
20.701,57659.100000,58626.229444
20.711,57655.700000,58618.572701
20.721,57652.300000,58610.883771
20.731,57648.900000,58603.246589
20.741,57645.500000,58595.577205
20.751,57642.100000,58587.959473
20.761,57638.800000,58580.451416
20.771,57635.400000,58572.811530
20.781,57632.100000,58565.322810
20.791,57628.700000,58557.702543
20.801,57625.400000,58550.233344
20.811,57622.100000,58542.773807
20.821,57618.800000,58535.282805
20.831,57615.500000,58527.842677
20.841,57612.200000,58520.412203
20.851,57608.900000,58512.950632
20.861,57605.600000,58505.539458
20.871,57602.300000,58498.138024
20.881,57599.000000,58490.746232
20.891,57595.800000,58483.423710
20.901,57592.500000,58476.051201
20.911,57589.300000,58468.788419
20.921,57586.000000,58461.435271
20.931,57582.800000,58454.151757
20.941,57579.500000,58446.817872
20.951,57576.300000,58439.593702
20.961,57573.100000,58432.379156
20.971,57569.900000,58425.174231
20.981,57566.700000,58417.978924
20.991,57563.500000,58410.753712
21.001,57560.300000,58403.577729
21.011,57557.200000,58396.511356
21.021,57554.000000,58389.354592
21.031,57550.800000,58382.207349
21.041,57547.700000,58375.169796
21.051,57544.500000,58368.041844
21.061,57541.400000,58361.023490
21.071,57538.300000,58354.014733
21.081,57535.100000,58346.915487
21.091,57532.000000,58339.925916
21.101,57528.900000,58332.945934
21.111,57525.800000,58325.975539
21.121,57522.700000,58319.014729
21.131,57519.600000,58312.063419
21.141,57516.500000,58305.121770
21.151,57513.500000,58298.289699
21.161,57510.400000,58291.367203
21.171,57507.300000,58284.454279
21.181,57504.300000,58277.650846
21.191,57501.300000,58270.857060
21.201,57498.200000,58263.972840
21.211,57495.200000,58257.198184
21.221,57492.200000,58250.433088
21.231,57489.200000,58243.677473
21.241,57486.200000,58236.931492
21.251,57483.200000,58230.232072
21.261,57480.200000,58223.505104
21.271,57477.200000,58216.787608
21.281,57474.200000,58210.079736
21.291,57471.200000,58203.381409
21.301,57468.300000,58196.792624
21.311,57465.300000,58190.149828
21.321,57462.400000,58183.579954
21.331,57459.400000,58176.919690
21.341,57456.500000,58170.368959
21.351,57453.600000,58163.863837
21.361,57450.700000,58157.332001
21.371,57447.800000,58150.809764
21.381,57444.900000,58144.297051
21.391,57442.000000,58137.829567
21.401,57439.100000,58131.335732
21.411,57436.200000,58124.851486
21.421,57433.300000,58118.412184
21.431,57430.500000,58112.046874
21.441,57427.600000,58105.591006
21.451,57424.800000,58099.279866
21.461,57421.900000,58092.842990
21.471,57419.100000,58086.515619
21.481,57416.200000,58080.132554
21.491,57413.400000,58073.824092
21.501,57410.600000,58067.525129
21.511,57407.800000,58061.270188
21.521,57405.000000,58054.990122
21.531,57402.200000,58048.753956
21.541,57399.400000,58042.492778
21.551,57396.700000,58036.375245
21.561,57393.900000,58030.132947
21.571,57391.100000,58023.934171
21.581,57388.400000,58017.810678
21.591,57385.600000,58011.596730
21.601,57382.900000,58005.526021
21.611,57380.200000,57999.430867
21.621,57377.400000,57993.278828
21.631,57374.700000,57987.236074
21.641,57372.000000,57981.169147
21.651,57369.300000,57975.145051
21.661,57366.600000,57969.097025
21.671,57363.900000,57963.091516
21.681,57361.200000,57957.062320
21.691,57358.600000,57951.175514
21.701,57355.900000,57945.165079
21.711,57353.200000,57939.196906
21.721,57350.600000,57933.337940
21.731,57348.000000,57927.455736
21.741,57345.300000,57921.515451
21.751,57342.700000,57915.651990
21.761,57340.100000,57909.830318
21.771,57337.500000,57904.017845
21.781,57334.800000,57898.082583
21.791,57332.200000,57892.288712
21.801,57329.700000,57886.604150
21.811,57327.100000,57880.797012
21.821,57324.500000,57875.030982
21.831,57321.900000,57869.274255
21.841,57319.400000,57863.626716
21.851,57316.800000,57857.857016
21.861,57314.300000,57852.228051
21.871,57311.700000,57846.508380
21.881,57309.200000,57840.866706
21.891,57306.700000,57835.265597
21.901,57304.100000,57829.573666
21.911,57301.600000,57823.991020
21.921,57299.100000,57818.417548
21.931,57296.600000,57812.822632
21.941,57294.100000,57807.267705
21.951,57291.700000,57801.822000
21.961,57289.200000,57796.285569
21.971,57286.700000,57790.758305
21.981,57284.300000,57785.310045
21.991,57281.800000,57779.801306
22.001,57279.400000,57774.401832
22.011,57276.900000,57768.911519
22.021,57274.500000,57763.530417
22.031,57272.100000,57758.158573
22.041,57269.700000,57752.795885
22.051,57267.300000,57747.412778
22.061,57264.900000,57742.068639
22.071,57262.500000,57736.733651
22.081,57260.100000,57731.407863
22.091,57257.700000,57726.091321
22.101,57255.300000,57720.783926
22.111,57253.000000,57715.585725
22.121,57250.600000,57710.296764
22.131,57248.300000,57705.116946
22.141,57245.900000,57699.846316
22.151,57243.600000,57694.684920
22.161,57241.300000,57689.532662
22.171,57238.900000,57684.289587
22.181,57236.600000,57679.155695
22.191,57234.300000,57674.031027
22.201,57232.000000,57668.915492
22.211,57229.700000,57663.809134
22.221,57227.400000,57658.711950
22.231,57225.200000,57653.723940
22.241,57222.900000,57648.645100
22.251,57220.600000,57643.575474
22.261,57218.400000,57638.614972
22.271,57216.100000,57633.563636
22.281,57213.900000,57628.621465
22.291,57211.700000,57623.688456
22.301,57209.400000,57618.664608
22.311,57207.200000,57613.777170
22.321,57205.000000,57608.871590
22.331,57202.800000,57603.975124
22.341,57200.600000,57599.087813
22.351,57198.400000,57594.209655
22.361,57196.300000,57589.440647
22.371,57194.100000,57584.580790
22.381,57191.900000,57579.730080
22.391,57189.800000,57575.015037
22.401,57187.600000,57570.182527
22.411,57185.500000,57565.459160
22.421,57183.300000,57560.644935
22.431,57181.200000,57555.939849
22.441,57179.100000,57551.243902
22.451,57177.000000,57546.583065
22.461,57174.900000,57541.905298
22.471,57172.800000,57537.236627
22.481,57170.700000,57532.577126
22.491,57168.600000,57527.952366
22.501,57166.500000,57523.311032
22.511,57164.400000,57518.678826
22.521,57162.400000,57514.155745
22.531,57160.300000,57509.567036
22.541,57158.300000,57505.062111
22.551,57156.200000,57500.466272
22.561,57154.200000,57495.979587
22.571,57152.200000,57491.526905
22.581,57150.100000,57486.958364
22.591,57148.100000,57482.498903
22.601,57146.100000,57478.073202
22.611,57144.100000,57473.631911
22.621,57142.100000,57469.199729
22.631,57140.200000,57464.876623
22.641,57138.200000,57460.486908
22.651,57136.200000,57456.081958
22.661,57134.300000,57451.786079
22.671,57132.300000,57447.423314
22.681,57130.400000,57443.145582
22.691,57128.400000,57438.800715
22.701,57126.500000,57434.541091
22.711,57124.600000,57430.290564
22.721,57122.600000,57425.972626
22.731,57120.700000,57421.740199
22.741,57118.800000,57417.540177
22.751,57116.900000,57413.325843
22.761,57115.100000,57409.220569
22.771,57113.200000,57405.047485
22.781,57111.300000,57400.860297
22.791,57109.400000,57396.705114
22.801,57107.600000,57392.636006
22.811,57105.700000,57388.476010
22.821,57103.900000,57384.447685
22.831,57102.000000,57380.305761
22.841,57100.200000,57376.295324
22.851,57098.400000,57372.271465
22.861,57096.600000,57368.278911
22.871,57094.800000,57364.273085
22.881,57093.000000,57360.298436
22.891,57091.200000,57356.310665
22.901,57089.400000,57352.353860
22.911,57087.600000,57348.384166
22.921,57085.800000,57344.445228
22.931,57084.100000,57340.593552
22.941,57082.300000,57336.672502
22.951,57080.600000,57332.838865
22.961,57078.800000,57328.935645
22.971,57077.100000,57325.120042
22.981,57075.400000,57321.334673
22.991,57073.700000,57317.537124
23.001,57071.900000,57313.669601
23.011,57070.200000,57309.910955
23.021,57068.500000,57306.140369
23.031,57066.900000,57302.499561
23.041,57065.200000,57298.746992
23.051,57063.500000,57295.024041
23.061,57061.800000,57291.289484
23.071,57060.200000,57287.684337
23.081,57058.500000,57283.988058
23.091,57056.900000,57280.380463
23.101,57055.200000,57276.702004
23.111,57053.600000,57273.112408
23.121,57052.000000,57269.551766
23.131,57050.400000,57265.999986
23.141,57048.700000,57262.337334
23.151,57047.100000,57258.803362
23.161,57045.500000,57255.278248
23.171,57044.000000,57251.842508
23.181,57042.400000,57248.335197
23.191,57040.800000,57244.836739
23.201,57039.200000,57241.327943
23.211,57037.700000,57237.947281
23.221,57036.100000,57234.475469
23.231,57034.600000,57231.093585
23.241,57033.000000,57227.639542
23.251,57031.500000,57224.294365
23.261,57030.000000,57220.939384
23.271,57028.500000,57217.611989
23.281,57027.000000,57214.293418
23.291,57025.500000,57210.983710
23.301,57024.000000,57207.664552
23.311,57022.500000,57204.372597
23.321,57021.000000,57201.089501
23.331,57019.500000,57197.797222
23.341,57018.100000,57194.631873
23.351,57016.600000,57191.375379
23.361,57015.200000,57188.227703
23.371,57013.700000,57184.971216
23.381,57012.300000,57181.841314
23.391,57010.900000,57178.720227
23.401,57009.500000,57175.607989
23.411,57008.000000,57172.387260
23.421,57006.600000,57169.292771
23.431,57005.200000,57166.207092
23.441,57003.800000,57163.130241
23.451,57002.500000,57160.162233
23.461,57001.100000,57157.086178
23.471,56999.700000,57154.035908
23.481,56998.400000,57151.094445
23.491,56997.000000,57148.061804
23.501,56995.600000,57145.037999
23.511,56994.300000,57142.122999
23.521,56993.000000,57139.200502
23.531,56991.700000,57136.303244
23.541,56990.300000,57133.314787
23.551,56989.000000,57130.435147
23.561,56987.700000,57127.564323
23.571,56986.400000,57124.702327
23.581,56985.100000,57121.833351
23.591,56983.900000,57119.089055
23.601,56982.600000,57116.253571
23.611,56981.300000,57113.426898
23.621,56980.000000,57110.609034
23.631,56978.800000,57107.899979
23.641,56977.600000,57105.199731
23.651,56976.300000,57102.393139
23.661,56975.100000,57099.710606
23.671,56973.900000,57097.036866
23.681,56972.600000,57094.271929
23.691,56971.400000,57091.615795
23.701,56970.200000,57088.968452
23.711,56969.000000,57086.329922
23.721,56967.800000,57083.700193
23.731,56966.700000,57081.179263
23.741,56965.500000,57078.567132
23.751,56964.300000,57075.963799
23.761,56963.200000,57073.455097
23.771,56962.000000,57070.869446
23.781,56960.900000,57068.392580
23.791,56959.700000,57065.824520
23.801,56958.600000,57063.365253
23.811,56957.500000,57060.914779
23.821,56956.400000,57058.473097
23.831,56955.300000,57056.040196
23.841,56954.200000,57053.616095
23.851,56953.100000,57051.200784
23.861,56952.000000,57048.794252
23.871,56950.900000,57046.396518
23.881,56949.800000,57044.007562
23.891,56948.800000,57041.727401
23.901,56947.700000,57039.356027
23.911,56946.700000,57037.093427
23.921,56945.600000,57034.739621
23.931,56944.600000,57032.494590
23.941,56943.600000,57030.258350
23.951,56942.500000,57027.930883
23.961,56941.500000,57025.712205
23.971,56940.500000,57023.502300
23.981,56939.500000,57021.301174
23.991,56938.500000,57019.108836
24.001,56937.600000,57017.025267
24.011,56936.600000,57014.850484
24.021,56935.600000,57012.684470
24.031,56934.700000,57010.627232
24.041,56933.700000,57008.478777
24.051,56932.700000,57006.339089
24.061,56931.800000,57004.308175
24.071,56930.900000,57002.286034
24.081,56929.900000,57000.172673
24.091,56929.000000,56998.168077
24.101,56928.100000,56996.172252
24.111,56927.200000,56994.185197
24.121,56926.300000,56992.206913
24.131,56925.400000,56990.237397
24.141,56924.500000,56988.276651
24.151,56923.700000,56986.424672
24.161,56922.800000,56984.481461
24.171,56921.900000,56982.547016
24.181,56921.100000,56980.721344
24.191,56920.200000,56978.814750
24.201,56919.400000,56977.006513
24.211,56918.600000,56975.207039
24.221,56917.800000,56973.416330
24.231,56916.900000,56971.534383
24.241,56916.100000,56969.761198
24.251,56915.300000,56967.996776
24.261,56914.500000,56966.241114
24.271,56913.700000,56964.494213
24.281,56913.000000,56962.856067
24.291,56912.200000,56961.136120
24.301,56911.400000,56959.415409
24.311,56910.700000,56957.803455
24.321,56909.900000,56956.100255
24.331,56909.200000,56954.505817
24.341,56908.400000,56952.820135
24.351,56907.700000,56951.243205
24.361,56907.000000,56949.675036
24.371,56906.300000,56948.115621
24.381,56905.600000,56946.573589
24.391,56904.900000,56945.031593
24.401,56904.200000,56943.498348
24.411,56903.500000,56941.973859
24.421,56902.800000,56940.458119
24.431,56902.100000,56938.951135
24.441,56901.500000,56937.552899
24.451,56900.800000,56936.071426
24.461,56900.200000,56934.690602
24.471,56899.500000,56933.218532
24.481,56898.900000,56931.855208
24.491,56898.300000,56930.500633
24.501,56897.600000,56929.054811
24.511,56897.000000,56927.725208
24.521,56896.400000,56926.396789
24.531,56895.800000,56925.077118
24.541,56895.200000,56923.766197
24.551,56894.600000,56922.464019
24.561,56894.100000,56921.270587
24.571,56893.500000,56919.992842
24.581,56892.900000,56918.716812
24.591,56892.400000,56917.549530
24.601,56891.800000,56916.290989
24.611,56891.300000,56915.141193
24.621,56890.800000,56914.000140
24.631,56890.200000,56912.774237
24.641,56889.700000,56911.650582
24.651,56889.200000,56910.535669
24.661,56888.700000,56909.429498
24.671,56888.200000,56908.332068
24.681,56887.700000,56907.249342
24.691,56887.200000,56906.169306
24.701,56886.700000,56905.098011
24.711,56886.300000,56904.135455
24.721,56885.800000,56903.087246
24.731,56885.400000,56902.142082
24.741,56884.900000,56901.105657
24.751,56884.500000,56900.177971
24.761,56884.000000,56899.164273
24.771,56883.600000,56898.253975
24.781,56883.200000,56897.352415
24.791,56882.800000,56896.459593
24.801,56882.400000,56895.580402
24.811,56882.000000,56894.704965
24.821,56881.600000,56893.838265
24.831,56881.200000,56892.980302
24.841,56880.900000,56892.235614
24.851,56880.500000,56891.395033
24.861,56880.100000,56890.563189
24.871,56879.800000,56889.840080
24.881,56879.400000,56889.029890
24.891,56879.100000,56888.324162
24.901,56878.800000,56887.627169
24.911,56878.400000,56886.842828
24.921,56878.100000,56886.163214
24.931,56877.800000,56885.492335
24.941,56877.500000,56884.830189
24.951,56877.200000,56884.180339
24.961,56876.900000,56883.535572
24.971,56876.600000,56882.899538
24.981,56876.400000,56882.375532
24.991,56876.100000,56881.756874
25.001,56875.900000,56881.246949
25.011,56875.600000,56880.648785
25.021,56875.400000,56880.156236
25.031,56875.100000,56879.572418
25.041,56874.900000,56879.100095
25.051,56874.700000,56878.633652
25.061,56874.500000,56878.175941
25.071,56874.200000,56877.629458
25.081,56874.000000,56877.189120
25.091,56873.900000,56876.857513
25.101,56873.700000,56876.436867
25.111,56873.500000,56876.022633
25.121,56873.300000,56875.617130
25.131,56873.200000,56875.322321
25.141,56873.000000,56874.934190
25.151,56872.900000,56874.654789
25.161,56872.700000,56874.284118
25.171,56872.600000,56874.023785
25.181,56872.400000,56873.670486
25.191,56872.300000,56873.425916
25.201,56872.200000,56873.190076
25.211,56872.100000,56872.962966
25.221,56872.000000,56872.745749
25.231,56871.900000,56872.536009
25.241,56871.800000,56872.334999
25.251,56871.800000,56872.242718
25.261,56871.700000,56872.059975
25.271,56871.600000,56871.885064
25.281,56871.600000,56871.818882
25.291,56871.500000,56871.661430
25.301,56871.500000,56871.613160
25.311,56871.400000,56871.473077
25.321,56871.400000,56871.441723
25.331,56871.400000,56871.419098
25.341,56871.400000,56871.405301
25.351,56871.400000,56871.400045
25.361,56871.400000,56871.403519
25.371,56871.400000,56871.415722
25.381,56871.400000,56871.436655
25.391,56871.400000,56871.465969
25.401,56871.500000,56871.604271
25.411,56871.500000,56871.651302
25.421,56871.600000,56871.807062
25.431,56871.600000,56871.870849
25.441,56871.700000,56872.043978
25.451,56871.700000,56872.125837
25.461,56871.800000,56872.316426
25.471,56871.900000,56872.514686
25.481,56872.000000,56872.722644
25.491,56872.100000,56872.939332
25.501,56872.200000,56873.164750
25.511,56872.300000,56873.397485
25.521,56872.400000,56873.640273
25.531,56872.500000,56873.891791
25.541,56872.700000,56874.252039
25.551,56872.800000,56874.519249
25.561,56873.000000,56874.896868
25.571,56873.100000,56875.183218
25.581,56873.300000,56875.578298
25.591,56873.500000,56875.979985
25.601,56873.600000,56876.292437
25.611,56873.800000,56876.713620
25.621,56874.000000,56877.143534
25.631,56874.200000,56877.579700
25.641,56874.400000,56878.026987
25.651,56874.600000,56878.483006
25.661,56874.800000,56878.947756
25.671,56875.100000,56879.518403
25.681,56875.300000,56880.000528
25.691,56875.600000,56880.591384
25.701,56875.800000,56881.087872
25.711,56876.100000,56881.696104
25.721,56876.300000,56882.213069
25.731,56876.600000,56882.838766
25.741,56876.900000,56883.469740
25.751,56877.200000,56884.112814
25.761,56877.500000,56884.764622
25.771,56877.800000,56885.421441
25.781,56878.100000,56886.090626
25.791,56878.400000,56886.768547
25.801,56878.700000,56887.451212
25.811,56879.000000,56888.146511
25.821,56879.400000,56888.950546
25.831,56879.700000,56889.659059
25.841,56880.100000,56890.480474
25.851,56880.400000,56891.210626
25.861,56880.800000,56892.044990
25.871,56881.200000,56892.892524
25.881,56881.500000,56893.648793
25.891,56881.900000,56894.509011
25.901,56882.300000,56895.382666
25.911,56882.700000,56896.265057
25.921,56883.100000,56897.151130
25.931,56883.500000,56898.050907
25.941,56884.000000,56899.054190
25.951,56884.400000,56899.971354
25.961,56884.800000,56900.897256
25.971,56885.300000,56901.926400
25.981,56885.700000,56902.869691
25.991,56886.200000,56903.916047
26.001,56886.700000,56904.976729
26.011,56887.100000,56905.946152
26.021,56887.600000,56907.018373
26.031,56888.100000,56908.105188
26.041,56888.600000,56909.194622
26.051,56889.100000,56910.298831
26.061,56889.600000,56911.405485
26.071,56890.100000,56912.527090
26.081,56890.600000,56913.650960
26.091,56891.200000,56914.889961
26.101,56891.700000,56916.031054
26.111,56892.300000,56917.287452
26.121,56892.800000,56918.445766
26.131,56893.400000,56919.719566
26.141,56893.900000,56920.895102
26.151,56894.500000,56922.179208
26.161,56895.100000,56923.479064
26.171,56895.700000,56924.780396
26.181,56896.300000,56926.097656
26.191,56896.900000,56927.416216
26.201,56897.500000,56928.743343
26.211,56898.100000,56930.086668
26.221,56898.700000,56931.431029
26.231,56899.400000,56932.883958
26.241,56900.000000,56934.253351
26.251,56900.700000,56935.723516
26.261,56901.300000,56937.102251
26.271,56902.000000,56938.589560
26.281,56902.700000,56940.093688
26.291,56903.300000,56941.498237
26.301,56904.000000,56943.011357
26.311,56904.700000,56944.533053
26.321,56905.400000,56946.063324
26.331,56906.100000,56947.610860
26.341,56906.800000,56949.158373
26.351,56907.500000,56950.714464
26.361,56908.300000,56952.379132
26.371,56909.000000,56953.952379
26.381,56909.700000,56955.534205
26.391,56910.500000,56957.224611
26.392,56910.500000,56956.746519
26.394,56910.600000,56956.161296
26.395,56910.700000,56955.572152
26.397,56910.800000,56954.988259
26.398,56910.900000,56954.409616
26.4,56911.000000,56953.827402
26.402,56911.100000,56953.241822
26.403,56911.200000,56952.670457
26.405,56911.400000,56952.195872
26.407,56911.500000,56951.626813
26.409,56911.600000,56951.054817
26.411,56911.700000,56950.480100
26.413,56911.900000,56950.011200
26.415,56912.000000,56949.439866
26.417,56912.100000,56948.874496
26.419,56912.300000,56948.398886
26.421,56912.400000,56947.829542
26.423,56912.600000,56947.366460
26.425,56912.700000,56946.793890
26.428,56912.900000,56946.327891
26.43,56913.000000,56945.760743
26.433,56913.200000,56945.300318
26.436,56913.300000,56944.731493
26.439,56913.500000,56944.269710
26.441,56913.700000,56943.800170
26.445,56913.900000,56943.337996
26.448,56914.000000,56942.775950
26.451,56914.200000,56942.314284
26.454,56914.400000,56941.853247
26.458,56914.600000,56941.379134
26.462,56914.800000,56940.913401
26.466,56915.000000,56940.449246
26.47,56915.300000,56940.080216
26.474,56915.500000,56939.613474
26.479,56915.700000,56939.149296
26.484,56916.000000,56938.787955
26.489,56916.200000,56938.329728
26.495,56916.500000,56937.968650
26.501,56916.800000,56937.611445
26.507,56917.100000,56937.258401
26.513,56917.400000,56936.915767
26.52,56917.700000,56936.571824
26.528,56918.100000,56936.332927
26.536,56918.400000,56935.993719
26.545,56918.800000,56935.760362
26.554,56919.200000,56935.527716
26.565,56919.600000,56935.275046
26.577,56920.100000,56935.109558
26.59,56920.600000,56934.943180
26.605,56921.200000,56934.886946
26.621,56921.800000,56934.870448
26.638,56922.400000,56934.920592
26.656,56923.100000,56935.068557
26.679,56923.800000,56935.192535
26.709,56924.700000,56935.455421
26.744,56925.800000,56935.958131
26.784,56927.000000,56936.628070
26.846,56928.400000,56937.402684
26.903,56930.500000,56939.138393
27.026,56932.300000,56940.400408
27.132,56936.200000,56944.147939
27.331,56939.500000,56947.274634
27.651,56945.700000,56953.517129
28.101,56955.500000,56963.314858
28.601,56969.300000,56977.116527
29.101,56984.700000,56992.503109
29.601,57000.000000,57007.834968
30.101,57015.400000,57023.191362
30.601,57030.800000,57038.634531
31.101,57046.100000,57053.887150
31.601,57061.500000,57069.330314
32.101,57076.800000,57084.582933
32.601,57092.200000,57100.052563
33.101,57107.500000,57115.259892
33.601,57122.900000,57130.778643
34.101,57138.200000,57145.925605
34.601,57153.600000,57161.539000
35.034,57168.900000,57176.505215
35.459,57182.200000,57190.225900
35.857,57195.200000,57202.781807
36.357,57207.400000,57215.509595
36.665,57222.800000,57230.429160
37.135,57232.300000,57240.297194
37.377,57246.700000,57254.428880
37.725,57254.200000,57262.050773
38.225,57264.800000,57272.546712
38.633,57280.100000,57287.934867
39.133,57292.600000,57300.372307
39.633,57307.900000,57315.764728
40.133,57323.300000,57331.011623
40.633,57338.600000,57346.555591
40.921,57353.900000,57361.542980
41.122,57362.700000,57370.505315
41.458,57368.900000,57376.713992
41.907,57379.200000,57387.007921
42.407,57392.900000,57400.724716
42.907,57408.300000,57416.092338
43.299,57423.600000,57431.367204
43.523,57435.600000,57443.390593
44.023,57442.400000,57450.233872
44.523,57457.700000,57465.486344
45.023,57473.000000,57480.840990
45.523,57488.300000,57496.074540
46.023,57503.600000,57511.463297
46.523,57518.900000,57526.647650
47.023,57534.200000,57542.104675
47.523,57549.600000,57557.249433
47.859,57564.800000,57572.677024
48.245,57575.100000,57582.864632
48.745,57586.900000,57594.779986
49.245,57602.200000,57609.930198
49.745,57617.500000,57625.413803
50.245,57632.800000,57640.465770
50.59,57648.100000,57655.932937
51.006,57658.600000,57666.392632
51.454,57671.300000,57679.101684
51.954,57685.000000,57692.727755
52.143,57700.300000,57708.017062
52.317,57706.000000,57713.789378
52.817,57711.300000,57719.132725
53.203,57726.600000,57734.350707
53.703,57738.900000,57746.800354
54.203,57755.100000,57762.763585
54.571,57771.100000,57778.987998
55.052,57783.000000,57790.722793
55.305,57798.500000,57806.159637
55.438,57806.600000,57814.358028
55.938,57810.800000,57818.696369
56.438,57826.900000,57834.600926
56.938,57843.000000,57850.911159
57.304,57859.100000,57866.822601
57.734,57870.900000,57878.806187
58.234,57884.800000,57892.484177
58.734,57900.900000,57908.889938
59.234,57917.000000,57924.548729
59.59,57933.100000,57941.050634
60.09,57944.500000,57952.122541
60.59,57960.500000,57968.580934
61.09,57976.700000,57984.150441
61.59,57992.700000,58001.013903
62.003,58008.900000,58016.224039
62.327,58022.200000,58030.240548
62.61,58032.500000,58040.236144
63.11,58041.700000,58049.616505
63.61,58057.800000,58065.467722
64.11,58073.800000,58081.716018
64.418,58089.900000,58097.645832
64.918,58099.800000,58107.699599
65.418,58115.900000,58123.566040
65.918,58132.000000,58139.994958
66.418,58148.000000,58155.541734
66.918,58164.100000,58172.280172
67.411,58180.200000,58187.511299
67.853,58196.000000,58204.367349
68.161,58210.200000,58217.736076
68.421,58220.200000,58228.076867
68.921,58228.500000,58236.218907
69.342,58244.600000,58252.426520
69.839,58258.000000,58265.790121
70.339,58274.000000,58281.822190
70.839,58290.100000,58297.897203
71.339,58306.100000,58313.929295
71.839,58322.200000,58329.985282
72.339,58338.200000,58346.047846
72.839,58354.300000,58362.058180
73.339,58370.300000,58378.181714
73.839,58386.400000,58394.112184
74.339,58402.400000,58410.346363
74.839,58418.500000,58426.094787
75.126,58434.500000,58442.315085
75.454,58443.700000,58451.504737
75.859,58454.200000,58461.998452
76.359,58467.200000,58475.022948
76.859,58483.200000,58490.990312
77.359,58499.300000,58507.107178
77.617,58515.300000,58523.020646
77.868,58523.600000,58531.424094
78.323,58531.600000,58539.395100
78.823,58546.200000,58554.034864
79.323,58562.200000,58569.956535
79.823,58578.200000,58586.064909
80.323,58594.300000,58602.025628
80.823,58610.300000,58618.221880
81.323,58626.300000,58633.945644
81.784,58642.300000,58650.263537
82.187,58657.100000,58664.755969
82.556,58670.000000,58677.896928
83.056,58681.800000,58689.473872
83.556,58697.800000,58705.796455
84.056,58713.800000,58721.341515
84.556,58729.800000,58737.978442
84.998,58745.900000,58753.269243
85.387,58760.000000,58768.181284
85.762,58772.400000,58779.913181
86.203,58784.400000,58792.537265
86.703,58798.600000,58805.944858
87.203,58814.500000,58822.943577
87.466,58830.600000,58838.201203
87.704,58839.100000,58846.918196
88.204,58846.700000,58854.489294
88.665,58862.700000,58870.467925
88.984,58877.400000,58885.207100
89.167,58887.600000,58895.361940
89.398,58893.400000,58901.208453
89.898,58900.800000,58908.610088
90.398,58916.800000,58924.554512
90.898,58932.800000,58940.682297
91.398,58948.800000,58956.436364
91.898,58964.700000,58972.747702
92.398,58980.700000,58988.133065
92.731,58996.700000,59004.696252
92.992,59007.200000,59014.951494
93.387,59015.600000,59023.459785
93.887,59028.200000,59035.935356
94.387,59044.200000,59052.105331
94.887,59060.200000,59067.870225
95.387,59076.200000,59084.201270
95.887,59092.200000,59099.737552
96.387,59108.100000,59116.244632
96.72,59124.100000,59131.677819
97.066,59134.800000,59142.756606
97.566,59145.800000,59153.384259
97.986,59161.700000,59169.686721
98.247,59175.100000,59182.830411
98.45,59183.500000,59191.295927
98.696,59189.900000,59197.704378
99.196,59197.800000,59205.613662
99.696,59213.800000,59221.542705
100.071,59229.700000,59237.535670
100.571,59241.600000,59249.356971
101.071,59257.600000,59265.469658
101.571,59273.500000,59281.184050
102.029,59289.500000,59297.430584
102.529,59304.100000,59311.726442
103.029,59320.000000,59328.038474
103.529,59336.000000,59343.475166
103.986,59351.900000,59360.074401
104.385,59366.500000,59373.970338
104.792,59379.200000,59387.322343
105.09,59392.200000,59399.827014
105.433,59401.700000,59409.614808
105.905,59412.600000,59420.203100
106.379,59427.600000,59435.669167
106.879,59442.800000,59450.236890
107.379,59458.600000,59466.919963
107.773,59474.600000,59481.901844
108.054,59487.200000,59495.169856
108.296,59496.000000,59503.766663
108.796,59503.800000,59511.621918
109.112,59519.700000,59527.442546
109.612,59529.800000,59537.682271
110.112,59545.700000,59553.384761
110.454,59561.600000,59569.408116
110.954,59572.400000,59580.125555
111.307,59588.300000,59596.145456
111.807,59599.500000,59607.247393
112.307,59615.500000,59623.383384
112.807,59631.400000,59639.078133
113.231,59647.300000,59655.186407
113.568,59660.700000,59668.441592
114.068,59671.500000,59679.369868
114.523,59687.400000,59695.102661
115.023,59701.900000,59709.707578
115.291,59717.700000,59725.481589
115.791,59726.200000,59734.021593
116.291,59742.100000,59749.877152
116.791,59758.000000,59765.844078
117.291,59773.900000,59781.630610
117.678,59789.800000,59797.616183
118.178,59802.100000,59809.883242
118.678,59818.000000,59825.830967
119.178,59833.900000,59841.632836
119.678,59849.800000,59857.707531
120.178,59865.700000,59873.355907
120.678,59881.500000,59889.496163
121.178,59897.400000,59904.899991
121.678,59913.300000,59921.483434
121.838,59929.200000,59936.945202
121.933,59934.300000,59942.064666
122.236,59937.300000,59945.111725
122.736,59946.900000,59954.663411
123.236,59962.800000,59970.641920
123.736,59978.700000,59986.390087
124.113,59994.500000,60002.379504
124.613,60006.500000,60014.200516
125.113,60022.300000,60030.186631
125.613,60038.200000,60045.884603
126.113,60054.100000,60062.067458
126.613,60070.000000,60077.554696
127.113,60085.800000,60093.958527
127.372,60101.700000,60109.276024
127.485,60109.900000,60117.594383
127.883,60113.500000,60121.403423
128.383,60126.100000,60133.755245
128.883,60142.000000,60150.003861
129.383,60157.800000,60165.310388
129.742,60173.700000,60181.648299
130.031,60185.000000,60192.744616
130.45,60194.200000,60202.046029
130.95,60207.500000,60215.243722
131.45,60223.300000,60231.156999
131.95,60239.200000,60246.897106
132.45,60255.000000,60262.953311
132.95,60270.900000,60278.482099
133.45,60286.700000,60294.801205
133.95,60302.500000,60309.877707
134.45,60318.300000,60326.709797
134.835,60334.200000,60341.479555
135.084,60346.500000,60354.388155
135.411,60354.200000,60361.942627
135.911,60364.600000,60372.486974
136.411,60380.400000,60388.069187
136.911,60396.300000,60404.295262
137.411,60412.100000,60419.627735
137.911,60427.900000,60436.087078
138.411,60443.800000,60451.045617
138.771,60459.500000,60467.701824
139.063,60470.800000,60478.431726
139.45,60480.200000,60488.145128
139.95,60492.400000,60499.992590
140.45,60508.200000,60516.297078
140.95,60524.000000,60531.387755
141.398,60539.800000,60548.054315
141.675,60554.000000,60561.624677
141.964,60562.800000,60570.671740
142.464,60571.900000,60579.603671
142.964,60587.700000,60595.633264
143.464,60603.600000,60611.203588
143.964,60619.300000,60627.373416
144.337,60635.200000,60642.741646
144.64,60647.000000,60654.919267
144.981,60656.500000,60664.207814
145.353,60667.300000,60675.167202
145.853,60679.000000,60686.702900
146.353,60694.800000,60702.740433
146.853,60710.700000,60718.298934
147.353,60726.400000,60734.496478
147.853,60742.300000,60749.689952
148.353,60758.000000,60766.389810
148.743,60773.900000,60781.161576
148.973,60786.200000,60794.043996
149.267,60793.400000,60801.156049
149.767,60802.600000,60810.465951
150.267,60818.400000,60826.040172
150.478,60834.200000,60841.909855
150.805,60840.800000,60848.607285
151.154,60851.100000,60858.896803
151.654,60862.100000,60869.906138
152.154,60877.900000,60885.680681
152.654,60893.700000,60901.517084
153.077,60909.400000,60917.133478
153.577,60922.800000,60930.701595
154.077,60938.600000,60946.259785
154.577,60954.300000,60962.275103
155.077,60970.100000,60977.652106
155.577,60985.800000,60993.959428
155.973,61001.700000,61009.091990
156.144,61014.100000,61021.789314
156.348,61019.400000,61027.197936
156.848,61025.800000,61033.599536
157.348,61041.600000,61049.323892
157.611,61057.300000,61065.071023
157.761,61065.600000,61073.375367
157.985,61070.300000,61078.103161
158.485,61077.400000,61085.197015
158.985,61093.100000,61100.910234
159.485,61108.900000,61116.688596
159.985,61124.600000,61132.421189
160.485,61140.400000,61148.164708
160.985,61156.100000,61163.951578
161.485,61171.900000,61179.629271
161.985,61187.600000,61195.497625
162.485,61203.400000,61211.059296
162.985,61219.100000,61227.090829
163.485,61234.900000,61242.424749
163.985,61250.600000,61258.779612
164.328,61266.400000,61273.908323
164.598,61277.200000,61285.090467
165.09,61285.700000,61293.378999
165.59,61301.100000,61309.075802
166.09,61316.900000,61324.448022
166.59,61332.600000,61340.748638
167.09,61348.400000,61355.708818
167.531,61364.000000,61372.339226
167.862,61377.900000,61385.365943
168.151,61388.400000,61396.329289
168.633,61397.400000,61405.017096
169.133,61412.600000,61420.666088
169.633,61428.400000,61435.795561
170.107,61444.000000,61452.331953
170.505,61459.000000,61466.300236
170.796,61471.500000,61479.496701
171.097,61480.600000,61488.282442
171.437,61490.000000,61497.877380
171.937,61500.700000,61508.350424
172.391,61516.400000,61524.370474
172.891,61530.700000,61538.238427
173.391,61546.300000,61554.475260
173.891,61562.100000,61569.335296
174.2,61577.700000,61585.762992
174.463,61587.300000,61595.027741
174.924,61595.600000,61603.488578
175.341,61610.100000,61617.761037
175.596,61623.200000,61631.001100
176.06,61631.200000,61638.994804
176.56,61646.100000,61653.911943
177.06,61662.600000,61670.386327
177.56,61679.200000,61687.011235
178.06,61695.700000,61703.477848
178.56,61712.300000,61720.106636
178.987,61728.800000,61736.557496
179.357,61742.900000,61750.720844
179.635,61755.100000,61762.855664
180.135,61764.300000,61772.154512
180.594,61780.900000,61788.589020
181.068,61796.000000,61803.939702
181.568,61811.700000,61819.299625
182.068,61828.200000,61836.276989
182.568,61844.800000,61852.200468
183.068,61861.300000,61869.672011
183.434,61877.900000,61885.238769
183.7,61890.000000,61897.928570
184.04,61898.700000,61906.407543
184.502,61910.000000,61917.903704
184.805,61925.200000,61932.875145
185.007,61935.200000,61942.992071
185.507,61941.900000,61949.693654
186.007,61958.400000,61966.187453
186.507,61974.900000,61982.716300
187.007,61991.400000,61999.175056
187.507,62007.900000,62015.707780
188.007,62024.500000,62032.262660
188.342,62041.000000,62048.752059
188.655,62052.000000,62059.823116
189.155,62062.300000,62070.027442
189.44,62078.800000,62086.551622
189.598,62088.200000,62095.975447
190.098,62093.400000,62101.180914
190.598,62109.900000,62117.721474
191.098,62126.400000,62134.133531
191.598,62142.900000,62150.791165
192.098,62159.400000,62166.978284
192.327,62175.800000,62183.552915
192.741,62183.300000,62191.104842
193.15,62197.000000,62204.782744
193.632,62210.400000,62218.192059
194.132,62226.300000,62234.062477
194.632,62242.800000,62250.645993
195.132,62259.300000,62266.914551
195.504,62275.700000,62283.642966
196.004,62288.000000,62295.586422
196.504,62304.400000,62312.496559
196.802,62320.900000,62328.469646
197.009,62330.800000,62338.598814
197.509,62337.500000,62345.292588
198.009,62354.000000,62361.805876
198.509,62370.500000,62378.272344
199.009,62387.000000,62394.824670
199.342,62403.500000,62411.166197
199.556,62414.400000,62422.199041
199.975,62421.400000,62429.153572
200.389,62435.200000,62443.032947
200.889,62448.800000,62456.521425
201.389,62465.300000,62473.191022
201.889,62481.800000,62489.446992
202.389,62498.200000,62506.208608
202.889,62514.700000,62522.150187
203.389,62531.100000,62539.399531
203.789,62547.600000,62554.889548
204.047,62560.800000,62568.711298
204.297,62569.100000,62576.824282
204.434,62577.400000,62585.151960
204.934,62581.900000,62589.719919
205.383,62598.300000,62606.043241
205.883,62613.100000,62620.969973
206.383,62629.600000,62637.284149
206.883,62646.000000,62653.955872
207.383,62662.500000,62670.063514
207.883,62678.900000,62687.017905
208.356,62695.400000,62702.657637
208.638,62710.800000,62718.789174
208.851,62720.000000,62727.746275
209.061,62727.000000,62734.797697
209.561,62733.900000,62741.691448
210.061,62750.300000,62758.061760
210.561,62766.800000,62774.645529
211.061,62783.200000,62790.910318
211.393,62799.600000,62807.358115
211.865,62810.500000,62818.322184
212.242,62826.000000,62833.725665
212.742,62838.300000,62846.105351
213.066,62854.700000,62862.463344
213.566,62865.400000,62873.219700
213.841,62881.800000,62889.480043
214.072,62890.800000,62898.605612
214.572,62898.400000,62906.136812
214.868,62914.800000,62922.553343
215.099,62924.500000,62932.297083
215.578,62932.000000,62939.782926
216.078,62947.800000,62955.607994
216.578,62964.200000,62971.919652
216.985,62980.600000,62988.450104
217.485,62993.900000,63001.614675
217.985,63010.300000,63018.192638
218.485,63026.700000,63034.343877
218.903,63043.100000,63050.983720
219.219,63056.800000,63064.531759
219.719,63067.200000,63075.078428
220.219,63083.600000,63091.264746
220.585,63100.000000,63107.802530
221.085,63111.900000,63119.641460
221.485,63128.300000,63136.105349
221.985,63141.400000,63149.152077
222.417,63157.800000,63165.600424
222.725,63171.900000,63179.658292
223.186,63182.000000,63189.834260
223.686,63197.200000,63204.926104
224.186,63213.500000,63221.353147
224.686,63229.900000,63237.500821
224.925,63246.200000,63253.969057
225.425,63254.000000,63261.708055
225.925,63270.300000,63278.213876
226.425,63286.700000,63294.309995
226.925,63303.100000,63311.156102
227.338,63319.500000,63326.900924
227.553,63333.000000,63340.800783
227.88,63339.900000,63347.686103
228.271,63350.600000,63358.340305
228.585,63363.400000,63371.211869
229.085,63373.700000,63381.466331
229.585,63390.100000,63397.899281
230.085,63406.400000,63414.161604
230.585,63422.800000,63430.626003
231.085,63439.100000,63446.841210
231.585,63455.500000,63463.356725
232.085,63471.900000,63479.554498
232.585,63488.200000,63496.194600
233.085,63504.600000,63512.083291
233.585,63520.900000,63529.142488
234.041,63537.300000,63544.522735
234.394,63552.100000,63560.304766
234.674,63563.600000,63571.227402
235.061,63572.900000,63580.838917
235.561,63585.500000,63593.071866
236.061,63601.800000,63609.893636
236.561,63618.200000,63625.547900
237.061,63634.400000,63642.845265
237.421,63650.900000,63658.174254
237.635,63662.700000,63670.477234
237.85,63669.600000,63677.393628
238.295,63676.600000,63684.375357
238.795,63691.100000,63698.912320
239.295,63707.500000,63715.250976
239.795,63723.800000,63731.619383
240.14,63740.100000,63747.810479
240.484,63751.400000,63759.245207
240.984,63762.600000,63770.285695
241.258,63778.900000,63786.633508
241.61,63787.800000,63795.613219
242.11,63799.300000,63807.059690
242.61,63815.600000,63823.432119
243.11,63832.000000,63839.719624
243.61,63848.300000,63856.170821
243.999,63864.600000,63872.263674
244.49,63877.300000,63885.268880
244.859,63893.300000,63900.845687
245.155,63905.300000,63913.203412
245.655,63915.000000,63922.625813
246.155,63931.200000,63939.230059
246.65,63947.600000,63954.946915
246.927,63963.600000,63971.532818
247.286,63972.600000,63980.242465
247.612,63984.300000,63992.171487
248.09,63994.900000,64002.498137
248.298,64010.400000,64018.119887
248.783,64017.200000,64025.003989
249.044,64032.900000,64040.641812
249.396,64041.500000,64049.321683
249.695,64052.900000,64060.616334
249.853,64062.700000,64070.448237
250.068,64067.800000,64075.592203
250.557,64074.800000,64082.581898
251.011,64090.700000,64098.440012
251.292,64105.500000,64113.272353
251.585,64114.600000,64122.392968
252.085,64124.200000,64131.966931
252.585,64140.500000,64148.319762
253.085,64156.800000,64164.518898
253.585,64173.000000,64180.886250
254.03,64189.300000,64196.904418
254.425,64203.800000,64211.764495
254.925,64216.600000,64224.113831
255.425,64232.900000,64241.096767
255.925,64249.200000,64256.390913
256.317,64265.400000,64273.746082
256.585,64278.100000,64285.692654
256.779,64286.900000,64294.657791
257.074,64293.200000,64301.002095
257.574,64302.800000,64310.564184
258.074,64319.100000,64326.905198
258.469,64335.400000,64343.119704
258.785,64348.200000,64356.019262
259.285,64358.400000,64366.134005
259.718,64374.700000,64382.490530
260.218,64388.800000,64396.564449
260.513,64405.000000,64412.710241
260.865,64414.600000,64422.437602
261.365,64426.000000,64433.681430
261.865,64442.300000,64450.244116
262.365,64458.500000,64466.055511
262.865,64474.800000,64482.855406
263.365,64491.000000,64498.395878
263.755,64507.200000,64515.298494
264.037,64519.900000,64527.558191
264.517,64529.100000,64537.068461
265.017,64544.700000,64552.185747
265.517,64560.900000,64569.137797
266.017,64577.200000,64584.328694
266.349,64593.300000,64601.463394
266.578,64604.000000,64611.732743
266.881,64611.500000,64619.304768
267.241,64621.400000,64629.166335
267.632,64633.000000,64640.787301
268.132,64645.700000,64653.488844
268.526,64662.000000,64669.683602
268.812,64674.700000,64682.530558
269.312,64684.000000,64691.725349
269.812,64700.200000,64708.053515
270.312,64716.500000,64724.161538
270.812,64732.700000,64740.672325
271.312,64748.900000,64756.416089
271.812,64765.100000,64773.248660
272.27,64781.400000,64788.729547
272.693,64796.200000,64804.493881
273.009,64809.900000,64817.386171
273.269,64820.300000,64828.168248
273.666,64828.600000,64836.307129
274.166,64841.500000,64849.382990
274.645,64857.700000,64865.331498
275.145,64873.200000,64881.206073
275.542,64889.500000,64897.028682
276.042,64902.300000,64910.458256
276.439,64918.600000,64926.003331
276.829,64931.500000,64939.644576
277.246,64944.100000,64951.501827
277.653,64957.600000,64965.779687
278.066,64970.800000,64978.173342
278.408,64984.200000,64992.244573
278.6,64995.200000,65002.961699
278.931,65001.500000,65009.286477
279.431,65012.200000,65019.964245
279.719,65028.400000,65036.113747
279.925,65037.700000,65045.489530
280.359,65044.300000,65052.078970
280.859,65058.400000,65066.156741
281.232,65074.600000,65082.381650
281.732,65086.600000,65094.395086
282.232,65102.800000,65110.553028
282.732,65119.000000,65126.837909
283.232,65135.200000,65142.908651
283.732,65151.400000,65159.300835
284.232,65167.600000,65175.217215
284.732,65183.800000,65191.836436
285.232,65200.000000,65207.409692
285.732,65216.100000,65224.449030
286.156,65232.400000,65239.559001
286.402,65246.100000,65253.989155
286.578,65253.900000,65261.694095
286.946,65259.600000,65267.379346
287.248,65271.500000,65279.189263
287.41,65281.200000,65288.956972
287.869,65286.500000,65294.250447
288.369,65301.300000,65309.143372
288.859,65317.500000,65325.123242
289.181,65333.300000,65341.165818
289.681,65343.600000,65351.269003
290.181,65359.800000,65367.736950
290.488,65376.000000,65383.635997
290.907,65385.900000,65393.831200
291.344,65399.400000,65407.003191
291.844,65413.500000,65421.567049
292.344,65429.800000,65437.172340
292.844,65445.800000,65454.205429
293.227,65462.100000,65469.320992
293.484,65474.500000,65482.431217
293.764,65482.700000,65490.428790
294.224,65491.700000,65499.529534
294.514,65506.600000,65514.311273
295.014,65516.000000,65523.855910
295.514,65532.100000,65539.719600
295.794,65548.200000,65556.002482
296.294,65557.200000,65564.916663
296.706,65573.300000,65581.137165
297.206,65586.600000,65594.295678
297.481,65602.700000,65610.420257
297.981,65611.600000,65619.349527
298.176,65627.700000,65635.410476
298.324,65634.000000,65641.766455
298.824,65638.700000,65646.515746
299.324,65654.900000,65662.625839
299.824,65671.000000,65678.874752
300.324,65687.100000,65694.753711
300.824,65703.300000,65711.221948
301.152,65719.400000,65727.071996
301.355,65730.000000,65737.755821
301.49,65736.500000,65744.268156
301.99,65740.800000,65748.545832
302.448,65756.900000,65764.734852
302.948,65772.100000,65779.809066
303.299,65789.100000,65796.849805
303.491,65801.000000,65808.770271
303.991,65807.500000,65815.295689
304.399,65824.500000,65832.221379
304.899,65838.300000,65846.182413
305.399,65855.300000,65862.933404
305.899,65872.200000,65880.202221
306.29,65889.300000,65896.829894
306.543,65902.500000,65910.335433
306.972,65911.100000,65918.829168
307.401,65925.600000,65933.342382
307.845,65940.200000,65948.039427
308.157,65955.200000,65962.861407
308.657,65965.800000,65973.694016
309.157,65982.700000,65990.324898
309.657,65999.700000,66007.697823
310.113,66016.700000,66024.194142
310.613,66032.100000,66040.328824
311.006,66049.100000,66056.413948
311.323,66062.400000,66070.447582
311.594,66073.100000,66080.783607
312.094,66082.400000,66090.332810
312.594,66099.300000,66106.848490
312.99,66116.300000,66124.267843
313.32,66129.700000,66137.357105
313.82,66140.900000,66148.878513
314.32,66157.900000,66165.390819
314.82,66174.700000,66182.934164
315.304,66191.800000,66198.933915
315.619,66208.100000,66216.246631
315.867,66218.600000,66226.292478
316.088,66227.100000,66234.832876
316.341,66234.600000,66242.393443
316.841,66243.100000,66250.835148
317.314,66260.000000,66267.828406
317.814,66276.100000,66283.794352
318.314,66293.000000,66300.915814
318.814,66309.900000,66317.470783
319.314,66326.800000,66334.905323
319.814,66343.800000,66351.096541
320.301,66360.600000,66369.079589
320.622,66377.200000,66384.549241
320.829,66388.200000,66395.975134
321.137,66395.100000,66402.884056
321.621,66405.500000,66413.213752
321.879,66421.900000,66429.650374
322.176,66430.600000,66438.399205
322.63,66440.600000,66448.304846
323.081,66455.900000,66463.782202
323.581,66471.200000,66478.832304
324.081,66488.100000,66496.078102
324.527,66505.100000,66512.616777
325.027,66520.100000,66528.272498
325.471,66537.100000,66544.393288
325.868,66552.100000,66560.365594
326.193,66565.500000,66572.970636
326.498,66576.500000,66584.420924
326.762,66586.800000,66594.529219
327.262,66595.700000,66603.558835
327.762,66612.600000,66620.236819
328.093,66629.500000,66637.317202
328.352,66640.600000,66648.365944
328.852,66649.400000,66657.203477
329.352,66666.300000,66674.044996
329.852,66683.200000,66691.010523
330.352,66700.100000,66707.828053
330.852,66717.000000,66724.861771
331.352,66733.900000,66741.511814
331.798,66750.700000,66758.677762
332.247,66765.800000,66773.315768
332.71,66780.900000,66789.031339
333.21,66796.600000,66803.845551
333.642,66813.400000,66821.815107
333.899,66828.000000,66835.560031
334.14,66836.800000,66844.603489
334.499,66844.900000,66852.660513
334.999,66857.000000,66864.798072
335.454,66873.900000,66881.611455
335.954,66889.200000,66897.089475
336.454,66906.100000,66913.718991
336.954,66922.900000,66930.918155
337.454,66939.800000,66947.209253
337.954,66956.600000,66964.929398
338.272,66973.600000,66981.023360
338.45,66984.400000,66992.116445
338.789,66990.300000,66998.113575
339.289,67001.700000,67009.406979
339.789,67018.600000,67026.477006
340.289,67035.400000,67042.947174
340.69,67052.200000,67060.213494
341.19,67065.700000,67073.127831
341.69,67082.500000,67090.824869
342.116,67099.500000,67106.650938
342.392,67113.800000,67121.818775
342.636,67123.000000,67130.716978
343.136,67131.200000,67139.067039
343.636,67148.100000,67155.744215
344.136,67164.900000,67172.883503
344.636,67181.800000,67189.269181
345.136,67198.600000,67206.824196
345.433,67215.500000,67223.014828
345.624,67225.600000,67233.361964
346.054,67231.900000,67239.699390
346.554,67246.400000,67254.144722
347.054,67263.300000,67271.118504
347.554,67280.100000,67287.819696
348.054,67296.900000,67304.729585
348.269,67313.800000,67321.457949
348.392,67321.000000,67328.734206
348.892,67325.100000,67332.948251
349.392,67341.900000,67349.565263
349.892,67358.700000,67366.611939
350.257,67375.600000,67383.231972
350.745,67387.800000,67395.795808
351.245,67404.300000,67411.733224
351.745,67421.000000,67429.307435
352.196,67438.000000,67445.101888
352.487,67453.000000,67461.082908
352.723,67462.700000,67470.415111
353.137,67470.700000,67478.532879
353.637,67484.700000,67492.389833
354.137,67501.400000,67509.308705
354.637,67518.300000,67525.849536
355.042,67535.000000,67542.992774
355.542,67548.600000,67556.053436
356.042,67565.400000,67573.654805
356.312,67582.300000,67589.838581
356.482,67591.400000,67599.142365
356.982,67597.100000,67604.920303
357.482,67613.900000,67621.573266
357.982,67630.600000,67638.540767
358.482,67647.500000,67654.989516
358.878,67664.200000,67672.245488
359.222,67677.500000,67685.066878
359.627,67689.100000,67697.098769
360.127,67702.700000,67710.139060
360.627,67719.400000,67727.681880
361.076,67736.300000,67743.441687
361.349,67751.300000,67759.267352
361.559,67760.300000,67768.065572
362.059,67767.400000,67775.191228
362.523,67784.200000,67791.896191
362.89,67799.700000,67807.530040
363.39,67812.000000,67819.694755
363.89,67828.800000,67836.701921
364.39,67845.600000,67853.185928
364.89,67862.300000,67870.347745
365.234,67879.100000,67886.628828
365.537,67890.700000,67898.606934
366.037,67900.800000,67908.374826
366.537,67917.500000,67925.585684
367.037,67934.400000,67941.682339
367.395,67951.000000,67959.158364
367.692,67963.000000,67970.531979
367.911,67973.000000,67980.800719
368.25,67980.300000,67988.025218
368.673,67991.600000,67999.431297
369.173,68005.900000,68013.575808
369.673,68022.600000,68030.523590
370.173,68039.400000,68046.939166
370.673,68056.100000,68064.235631
371.173,68072.900000,68080.119907
371.564,68089.600000,68097.916788
371.826,68102.600000,68110.183739
372.11,68111.500000,68119.353805
372.61,68121.000000,68128.657905
373.11,68137.700000,68145.581172
373.61,68154.400000,68162.008874
373.939,68171.100000,68178.894550
374.264,68182.100000,68189.863236
374.656,68193.000000,68200.708052
374.831,68206.100000,68213.812585
375.022,68211.900000,68219.669522
375.477,68218.300000,68226.082989
375.977,68233.500000,68241.264304
376.477,68250.300000,68258.094060
376.977,68267.000000,68274.747123
377.477,68283.800000,68291.621330
377.977,68300.500000,68308.149641
378.309,68317.200000,68325.023823
378.809,68328.300000,68335.988180
379.309,68345.000000,68352.908079
379.809,68361.700000,68369.235250
380.304,68378.400000,68386.536796
380.694,68395.000000,68402.379540
380.911,68408.000000,68415.783046
381.087,68415.200000,68422.971448
381.335,68421.100000,68428.872186
381.835,68429.400000,68437.161559
382.335,68446.100000,68453.895385
382.835,68462.800000,68470.508093
383.335,68479.500000,68487.379542
383.835,68496.200000,68503.802737
384.335,68512.900000,68520.942112
384.835,68529.700000,68537.051879
385.092,68546.300000,68554.091461
385.253,68554.800000,68562.579803
385.753,68560.200000,68567.969161
386.112,68576.900000,68584.549414
386.331,68588.800000,68596.587054
386.831,68596.100000,68603.856193
387.331,68612.800000,68620.549597
387.831,68629.500000,68637.311786
388.331,68646.200000,68653.888058
388.831,68662.900000,68670.796115
389.331,68679.600000,68687.182718
389.831,68696.200000,68704.275512
390.331,68713.000000,68720.280915
390.775,68729.600000,68737.999236
391.025,68744.400000,68751.951696
391.212,68752.900000,68760.661113
391.672,68759.100000,68766.890820
392.172,68774.500000,68782.251829
392.672,68791.100000,68798.893797
393.172,68807.800000,68815.542664
393.672,68824.500000,68832.308947
394.172,68841.200000,68848.772758
394.372,68857.800000,68865.509857
394.569,68864.400000,68872.171060
395.069,68870.900000,68878.668493
395.569,68887.600000,68895.382132
396.069,68904.300000,68912.047174
396.569,68920.900000,68928.705390
397.062,68937.600000,68945.277454
397.442,68954.000000,68961.836445
397.743,68966.700000,68974.415741
398.243,68976.700000,68984.526632
398.519,68993.400000,69001.077691
398.821,69002.600000,69010.420225
399.321,69012.600000,69020.284068
399.821,69029.300000,69037.172089
400.151,69045.900000,69053.558303
400.389,69056.900000,69064.684269
400.889,69064.800000,69072.480593
401.155,69081.400000,69089.150053
401.655,69090.300000,69098.059630
402.155,69106.900000,69114.697627
402.655,69123.500000,69131.242333
403.067,69140.200000,69147.882929
403.334,69153.800000,69161.601126
403.834,69162.700000,69170.413438
404.334,69179.400000,69187.265203
404.834,69196.000000,69203.627683
405.334,69212.700000,69220.695286
405.73,69229.300000,69236.778244
405.958,69242.500000,69250.300781
406.278,69250.000000,69257.757066
406.778,69260.700000,69268.499154
407.278,69277.300000,69285.023554
407.778,69293.900000,69301.722474
408.278,69310.600000,69318.294138
408.778,69327.200000,69335.082600
409.278,69343.800000,69351.300299
409.511,69360.400000,69368.166598
409.857,69368.000000,69375.763562
410.357,69379.500000,69387.285353
410.857,69396.200000,69403.938113
411.357,69412.800000,69420.629036
411.857,69429.400000,69437.088429
412.357,69446.000000,69453.832010
412.857,69462.600000,69470.283266
413.357,69479.200000,69487.084031
413.857,69495.900000,69503.493494
414.357,69512.400000,69520.451679
414.857,69529.100000,69536.421578
415.261,69545.600000,69553.850142
415.57,69559.100000,69566.590275
415.866,69569.400000,69577.316143
416.366,69579.100000,69586.652544
416.866,69595.700000,69603.804967
417.366,69612.400000,69619.630139
417.752,69628.900000,69637.199918
418.016,69641.700000,69649.261286
418.299,69650.500000,69658.345600
418.799,69659.900000,69667.552084
419.299,69676.500000,69684.459365
419.799,69693.100000,69700.574331
420.299,69709.600000,69717.828196
420.799,69726.300000,69733.371629
421.12,69742.800000,69750.976373
421.349,69753.300000,69760.991839
421.64,69761.000000,69768.757617
422.011,69770.600000,69778.383133
422.265,69782.900000,69790.586404
422.672,69791.300000,69799.129967
423.172,69804.800000,69812.484994
423.672,69821.400000,69829.261577
424.172,69837.900000,69845.531302
424.672,69854.500000,69862.471443
425.172,69871.100000,69878.561580
425.602,69887.600000,69895.690202
425.867,69901.900000,69909.536204
426.141,69910.700000,69918.527987
426.641,69919.800000,69927.486987
427.141,69936.400000,69944.304751
427.641,69953.000000,69960.568765
428.141,69969.500000,69977.597987
428.557,69986.100000,69993.439850
428.827,69999.800000,70007.730359
429.14,70008.700000,70016.373988
429.64,70019.100000,70027.012223
430.14,70035.700000,70043.231702
430.572,70052.200000,70060.238935
431.072,70066.500000,70073.846820
431.567,70083.000000,70091.436654
431.918,70099.500000,70106.734615
432.141,70111.300000,70119.141661
432.432,70119.000000,70126.736353
432.932,70129.100000,70136.907167
433.432,70146.500000,70154.223000
433.932,70164.000000,70171.851072
434.371,70181.400000,70188.996098
434.62,70196.600000,70204.387611
435.12,70205.300000,70213.019780
435.62,70222.700000,70230.556070
436.12,70240.100000,70247.717266
436.62,70257.500000,70265.515802
437.102,70275.000000,70282.343706
437.382,70291.700000,70299.635367
437.687,70301.300000,70308.978476
438.187,70312.000000,70319.908921
438.617,70329.400000,70336.955829
439.117,70344.300000,70352.394045
439.573,70361.800000,70369.130700
439.883,70377.600000,70385.596624
440.204,70388.300000,70395.924950
440.704,70399.500000,70407.503250
441.204,70417.000000,70424.402837
441.577,70434.300000,70442.351555
442.017,70447.200000,70454.593137
442.407,70462.500000,70470.645854
442.78,70476.100000,70483.499249
443.126,70489.000000,70497.060411
443.391,70501.000000,70508.626004
443.776,70510.300000,70518.196712
444.276,70523.700000,70531.275979
444.776,70541.000000,70549.027983
445.047,70558.400000,70566.010519
445.452,70567.900000,70575.809948
445.798,70582.000000,70589.649138
446.298,70594.000000,70601.957927
446.798,70611.400000,70618.866470
447.298,70628.800000,70637.053351
447.756,70646.200000,70653.312596
448.075,70662.000000,70670.163246
448.272,70673.000000,70680.754023
448.576,70680.000000,70687.734488
448.867,70690.500000,70698.284393
449.146,70700.600000,70708.323901
449.385,70710.300000,70718.073628
449.885,70718.600000,70726.350550
450.385,70736.000000,70743.764273
450.835,70753.300000,70761.053314
451.321,70768.900000,70776.675190
451.821,70785.800000,70793.560279
452.321,70803.200000,70810.978113
452.821,70820.500000,70828.238660
453.321,70837.900000,70845.713849
453.821,70855.200000,70862.880376
454.321,70872.600000,70880.495023
454.821,70890.000000,70897.561562
455.321,70907.300000,70915.397458
455.821,70924.700000,70931.936593
456.147,70941.900000,70949.991589
456.403,70953.200000,70960.863385
456.8,70962.100000,70969.969343
457.3,70975.900000,70983.505034
457.8,70993.200000,71001.204846
458.3,71010.600000,71017.990470
458.758,71027.800000,71036.050873
459.101,71043.800000,71051.188699
459.407,71055.700000,71063.684713
459.716,71066.200000,71073.811927
459.998,71077.000000,71084.833438
460.498,71086.700000,71094.367011
460.998,71104.000000,71111.927232
461.498,71121.400000,71128.883609
461.998,71138.700000,71146.914449
462.477,71156.100000,71163.177414
462.678,71172.500000,71180.201813
462.836,71179.300000,71187.055452
463.272,71184.800000,71192.585435
463.772,71199.900000,71207.600883
464.239,71217.200000,71225.045869
464.739,71233.400000,71241.042506
465.239,71250.700000,71258.660563
465.739,71268.000000,71275.463268
466.239,71285.300000,71293.514810
466.739,71302.700000,71309.753449
467.061,71319.800000,71328.029982
467.267,71330.800000,71338.519135
467.538,71338.100000,71345.885531
467.868,71347.500000,71355.220868
468.368,71358.900000,71366.733233
468.795,71376.200000,71383.821531
469.295,71390.900000,71398.698868
469.47,71408.200000,71415.892761
469.941,71414.200000,71421.943234
470.363,71430.500000,71438.293747
470.863,71445.100000,71452.817221
471.363,71462.400000,71470.241997
471.863,71479.700000,71487.350638
472.363,71497.000000,71504.948491
472.863,71514.300000,71521.722778
473.145,71531.500000,71539.367871
473.434,71541.200000,71548.916434
473.934,71551.200000,71559.041261
474.434,71568.500000,71576.113151
474.934,71585.700000,71593.706114
475.434,71603.100000,71610.421736
475.721,71620.200000,71628.145954
476.082,71630.000000,71637.569041
476.582,71642.500000,71650.569592
477.082,71659.800000,71667.086348
477.582,71677.000000,71685.540364
477.807,71694.400000,71701.933379
477.914,71702.400000,71710.059760
478.414,71706.000000,71713.933165
478.899,71723.300000,71730.747563
479.18,71740.000000,71747.869031
479.613,71749.600000,71757.223790
480.113,71764.600000,71772.588172
480.613,71781.900000,71789.312063
481.113,71799.100000,71807.424302
481.517,71816.400000,71823.555512
481.792,71830.400000,71838.414052
482.04,71839.700000,71847.392004
482.54,71848.400000,71856.270602
483.04,71865.600000,71873.184637
483.54,71882.900000,71890.952782
484.04,71900.200000,71907.497288
484.53,71917.300000,71925.789169
484.795,71934.300000,71941.731688
484.955,71943.600000,71951.304470
485.345,71949.100000,71956.925004
485.845,71962.500000,71970.166048
486.345,71979.700000,71987.623317
486.845,71997.000000,72004.489848
487.237,72014.200000,72022.209392
487.571,72027.700000,72035.277087
488.071,72039.200000,72047.266380
488.571,72056.500000,72063.789635
489.071,72073.700000,72082.233747
489.39,72091.100000,72098.351993
489.584,72102.100000,72109.854771
489.735,72108.700000,72116.446970
490.235,72113.900000,72121.611397
490.612,72131.100000,72138.903117
491.112,72144.100000,72151.772879
491.612,72161.300000,72169.201376
491.941,72178.600000,72186.169040
492.112,72189.900000,72197.624995
492.407,72195.700000,72203.483527
492.907,72205.900000,72213.619051
493.407,72223.100000,72230.931911
493.907,72240.300000,72247.948063
494.407,72257.500000,72265.447087
494.907,72274.800000,72282.235420
495.196,72291.900000,72299.761992
495.328,72301.800000,72309.558939
495.425,72306.400000,72314.159219
495.925,72309.700000,72317.460660
496.425,72326.900000,72334.666225
496.925,72344.100000,72351.851165
497.425,72361.300000,72369.060853
497.858,72378.500000,72386.216771
498.358,72393.400000,72401.238008
498.858,72410.600000,72418.245722
499.358,72427.800000,72435.749152
499.858,72445.100000,72452.508693
500.241,72462.200000,72470.302883
500.677,72475.300000,72482.622449
501.12,72490.300000,72498.617867
501.353,72505.600000,72513.199590
501.553,72513.700000,72521.468604
502.053,72520.500000,72528.257652
502.553,72537.700000,72545.475616
503.053,72554.900000,72562.644015
503.553,72572.100000,72579.878496
504.053,72589.300000,72597.005664
504.499,72606.400000,72614.214350
504.999,72621.800000,72629.463134
505.473,72638.900000,72646.771170
505.973,72655.200000,72662.730956
506.233,72672.400000,72680.173790
506.733,72681.200000,72688.859824
507.071,72698.300000,72706.117624
507.571,72709.900000,72717.459853
507.82,72727.000000,72734.774201
508.29,72735.500000,72743.221849
508.79,72751.700000,72759.510137
509.29,72768.900000,72776.583506
509.79,72786.000000,72793.862896
510.29,72803.200000,72810.800156
510.79,72820.300000,72828.312219
511.29,72837.500000,72844.843189
511.642,72854.600000,72862.673694
511.916,72866.700000,72874.325211
512.145,72876.100000,72883.803969
512.356,72883.900000,72891.666527
512.856,72891.100000,72898.847277
513.356,72908.300000,72916.040439
513.664,72925.400000,72933.116540
513.915,72936.000000,72943.770997
514.355,72944.600000,72952.285520
514.816,72959.600000,72967.469152
515.316,72975.500000,72983.069223
515.816,72992.600000,73000.677691
516.16,73009.800000,73017.216985
516.328,73021.600000,73029.299362
516.614,73027.300000,73035.091175
517.114,73037.100000,73044.805718
517.614,73054.200000,73062.048097
518.114,73071.400000,73079.005711
518.614,73088.500000,73096.510103
519.114,73105.600000,73112.960371
519.614,73122.700000,73131.023306
519.841,73139.900000,73147.510568
520.061,73147.800000,73155.572042
520.332,73155.300000,73163.052100
520.637,73164.600000,73172.348830
520.998,73175.000000,73182.766434
521.498,73187.400000,73195.151290
521.998,73204.500000,73212.277593
522.498,73221.700000,73229.421035
522.998,73238.800000,73246.622021
523.498,73255.900000,73263.561964
523.998,73273.000000,73280.920952
524.498,73290.200000,73297.615470
524.721,73307.200000,73314.943906
525.035,73314.800000,73322.548944
525.535,73325.500000,73333.271107
525.991,73342.600000,73350.281358
526.299,73358.200000,73365.981592
526.774,73368.700000,73376.433182
527.274,73385.000000,73392.759473
527.692,73402.100000,73409.839935
528.192,73416.400000,73424.191169
528.692,73433.500000,73441.155980
529.166,73450.600000,73458.502469
529.666,73466.800000,73474.331437
530.166,73483.900000,73491.952682
530.477,73501.000000,73508.550055
530.821,73511.600000,73519.528243
531.102,73523.400000,73531.013346
531.366,73533.000000,73540.816920
531.66,73542.000000,73549.701518
532.16,73552.100000,73559.927540
532.66,73569.200000,73576.854775
533.16,73586.200000,73594.072189
533.492,73603.300000,73610.944744
533.775,73614.700000,73622.507167
534.193,73624.300000,73632.000408
534.693,73638.600000,73646.455711
535.11,73655.700000,73663.250608
535.345,73669.900000,73677.686672
535.845,73677.900000,73685.538966
536.281,73695.000000,73702.910543
536.781,73709.800000,73717.306103
537.243,73726.900000,73734.982102
537.692,73742.700000,73750.025755
538.073,73758.000000,73766.165371
538.301,73771.000000,73778.654107
538.552,73778.800000,73786.591667
539.052,73787.400000,73795.093424
539.552,73804.500000,73812.365528
540.052,73821.500000,73829.064299
540.552,73838.600000,73846.670700
541.041,73855.700000,73862.950085
541.512,73872.300000,73880.759878
541.732,73888.400000,73896.010109
541.931,73896.100000,73903.805700
542.066,73902.800000,73910.543433
542.278,73907.400000,73915.156506
542.778,73914.600000,73922.362088
543.187,73931.700000,73939.363694
543.525,73945.600000,73953.435124
544.025,73957.200000,73964.837119
544.525,73974.200000,73982.155542
545.025,73991.300000,73998.742975
545.525,74008.300000,74016.577745
545.959,74025.400000,74032.471143
546.187,74040.200000,74048.063687
546.414,74047.800000,74055.526648
546.914,74055.500000,74063.286339
547.414,74072.600000,74080.321166
547.914,74089.600000,74097.422601
548.414,74106.700000,74114.349382
548.914,74123.700000,74131.626166
549.414,74140.800000,74148.279439
549.914,74157.700000,74165.900852
550.229,74174.900000,74182.324519
550.472,74185.600000,74193.450862
550.883,74193.900000,74201.548018
551.383,74207.800000,74215.716481
551.883,74224.900000,74232.402576
552.141,74241.900000,74249.601266
552.302,74250.600000,74258.351621
552.548,74256.100000,74263.843989
552.834,74264.400000,74272.161463
553.334,74274.200000,74281.954545
553.834,74291.200000,74298.968470
554.334,74308.300000,74316.015749
554.807,74325.300000,74333.100463
555.307,74341.400000,74349.076958
555.807,74358.400000,74366.282969
556.307,74375.400000,74382.832832
556.595,74392.300000,74400.210468
556.977,74402.100000,74409.707109
557.477,74415.100000,74423.067874
557.977,74432.100000,74439.521027
558.477,74449.000000,74457.312657
558.875,74466.200000,74473.348546
559.137,74479.700000,74487.676920
559.385,74488.500000,74496.192528
559.885,74496.900000,74504.756850
560.385,74514.000000,74521.562905
560.885,74530.900000,74538.979677
561.385,74548.000000,74555.235472
561.793,74564.900000,74573.248659
562.084,74578.800000,74586.232152
562.31,74588.800000,74596.613439
562.664,74596.400000,74604.110046
563.164,74608.400000,74616.241038
563.664,74625.400000,74633.004984
564.164,74642.400000,74650.412758
564.664,74659.400000,74666.749429
565.164,74676.300000,74684.737149
565.522,74694.000000,74701.149834
565.743,74706.900000,74714.744203
565.972,74714.600000,74722.340191
566.378,74722.800000,74730.537161
566.792,74737.300000,74745.080110
567.292,74752.100000,74759.827219
567.792,74770.000000,74777.791315
568.292,74787.900000,74795.592532
568.692,74805.700000,74813.464568
568.983,74820.000000,74827.740319
569.483,74830.400000,74838.187728
569.983,74848.200000,74855.893097
570.483,74866.100000,74873.970367
570.824,74884.000000,74891.521546
571.298,74896.100000,74904.120816
571.492,74913.100000,74920.772351
571.665,74920.000000,74927.743693
571.965,74926.200000,74933.965445
572.344,74936.900000,74944.620550
572.746,74950.400000,74958.192777
573.246,74964.800000,74972.464760
573.63,74982.600000,74990.412060
573.996,74996.300000,75003.995989
574.496,75009.400000,75017.256569
574.996,75027.200000,75034.774243
575.479,75045.000000,75053.007478
575.839,75062.300000,75069.798190
576.187,75075.200000,75083.175552
576.687,75087.500000,75094.893868
576.973,75105.300000,75113.142563
577.308,75115.400000,75123.071897
577.736,75127.400000,75135.261584
578.236,75142.600000,75150.183141
578.736,75160.400000,75168.399919
579.236,75178.300000,75185.659856
579.736,75196.000000,75204.416363
580.103,75214.000000,75221.139495
580.327,75227.100000,75234.943680
580.579,75234.900000,75242.618556
580.85,75244.000000,75251.761153
581.35,75253.600000,75261.345808
581.85,75271.400000,75279.151398
582.35,75289.200000,75296.956992
582.85,75307.100000,75314.804016
583.225,75324.900000,75332.676221
583.725,75338.200000,75345.923174
584.225,75356.000000,75363.812651
584.725,75373.800000,75381.446699
585.225,75391.600000,75399.537976
585.725,75409.500000,75416.922215
586.158,75427.200000,75435.379971
586.579,75442.600000,75449.841068
586.929,75457.600000,75465.786555
587.197,75470.000000,75477.570466
587.527,75479.600000,75487.493742
587.932,75491.400000,75498.951773
588.341,75505.800000,75513.793691
588.841,75520.300000,75527.665041
589.341,75538.000000,75546.397594
589.651,75556.000000,75563.314162
589.868,75567.000000,75574.811769
590.172,75574.700000,75582.420271
590.578,75585.500000,75593.238157
591.078,75599.900000,75607.685731
591.578,75617.700000,75625.407453
592.027,75635.500000,75643.200336
592.282,75651.400000,75659.151310
592.782,75660.500000,75668.235934
593.282,75678.300000,75686.070908
593.782,75696.100000,75703.830345
594.282,75713.800000,75721.594747
594.782,75731.600000,75739.287089
595.268,75749.400000,75757.168075
595.768,75766.600000,75774.260577
596.141,75784.400000,75792.229481
596.641,75797.600000,75805.212971
597.141,75815.300000,75823.272226
597.641,75833.200000,75840.596689
598.141,75850.800000,75859.150052
598.556,75868.700000,75875.742410
598.799,75883.400000,75891.330179
598.962,75891.900000,75899.670010
599.414,75897.700000,75905.429272
599.914,75913.800000,75921.564268
600.313,75931.600000,75939.298241
600.813,75945.700000,75953.530006
601.313,75963.500000,75971.121635
601.813,75981.200000,75989.172870
602.313,75999.000000,76006.380416
602.813,76016.700000,76025.072856
603.147,76034.500000,76041.727570
603.299,76046.400000,76054.018756
603.543,76051.700000,76059.482849
604.043,76060.300000,76068.004401
604.543,76078.100000,76085.932079
605.043,76095.800000,76103.423540
605.543,76113.600000,76121.545220
606.043,76131.300000,76138.735581
606.543,76149.000000,76157.283791
607.008,76166.900000,76173.879794
607.236,76183.200000,76191.005845
607.374,76191.100000,76198.868284
607.874,76196.000000,76203.727615
608.374,76213.800000,76221.566867
608.874,76231.500000,76239.209397
609.141,76249.200000,76256.859851
609.598,76258.600000,76266.416702
609.845,76274.800000,76282.478535
610.061,76283.500000,76291.263148
610.561,76291.200000,76298.926672
611.061,76308.900000,76316.691243
611.533,76326.600000,76334.228799
611.968,76343.300000,76351.212446
612.468,76358.800000,76366.265151
612.867,76376.400000,76384.434597
613.292,76390.600000,76398.001366
613.792,76405.600000,76413.940296
614.128,76423.400000,76430.656147
614.326,76435.300000,76443.066616
614.542,76442.200000,76449.941940
614.837,76449.900000,76457.651184
615.337,76460.400000,76468.110497
615.78,76478.000000,76485.791780
616.28,76493.700000,76501.387909
616.78,76511.400000,76519.203031
617.22,76529.100000,76536.769527
617.72,76544.700000,76552.586234
618.22,76562.400000,76569.917898
618.687,76580.100000,76588.155702
618.944,76596.600000,76604.182271
619.125,76605.800000,76613.542040
619.582,76612.100000,76619.864392
620.082,76628.300000,76636.032057
620.582,76646.000000,76653.779848
621.003,76663.700000,76671.346395
621.31,76678.500000,76686.303020
621.81,76689.400000,76697.031855
622.279,76707.100000,76715.007654
622.7,76723.700000,76731.225825
623.003,76738.500000,76746.350148
623.503,76749.200000,76756.765452
624.003,76766.800000,76774.858149
624.503,76784.600000,76791.826023
624.858,76802.100000,76810.298906
625.145,76814.600000,76822.103316
625.408,76824.800000,76832.589062
625.74,76834.100000,76841.814010
626.187,76845.800000,76853.578544
626.687,76861.600000,76869.295578
627.187,76879.300000,76887.123689
627.687,76896.900000,76904.514405
628.065,76914.600000,76922.417660
628.441,76927.900000,76935.583583
628.782,76941.200000,76948.909768
629.067,76953.200000,76960.969638
629.567,76963.300000,76971.007720
630.067,76980.900000,76988.680879
630.567,76998.600000,77006.297841
631.067,77016.200000,77024.030303
631.567,77033.900000,77041.512407
632.015,77051.500000,77059.362718
632.251,77067.300000,77074.973017
632.751,77075.700000,77083.526520
633.207,77093.300000,77100.925252
633.707,77109.400000,77117.352877
634.207,77127.100000,77134.482564
634.599,77144.700000,77152.827640
634.996,77158.500000,77165.781837
635.325,77172.500000,77180.595139
635.643,77184.000000,77191.506534
636.065,77195.300000,77203.354121
636.35,77210.200000,77217.720927
636.544,77220.300000,77228.056540
636.893,77227.100000,77234.840589
637.393,77239.400000,77247.163122
637.651,77257.000000,77264.582872
637.881,77266.100000,77273.864470
638.089,77274.200000,77281.939662
638.589,77281.500000,77289.257964
639.089,77299.100000,77306.833970
639.589,77316.700000,77324.469203
639.988,77334.400000,77342.039521
640.272,77348.400000,77356.200781
640.772,77358.400000,77366.062679
641.153,77376.000000,77383.731202
641.413,77389.400000,77397.153071
641.913,77398.600000,77406.316394
642.413,77416.200000,77423.977023
642.913,77433.800000,77441.493816
643.413,77451.400000,77459.222274
643.913,77469.000000,77476.616593
644.413,77486.600000,77494.540371
644.913,77504.300000,77511.719079
645.258,77521.800000,77529.755618
645.602,77533.900000,77541.470852
646.086,77546.000000,77554.018176
646.502,77563.100000,77570.481876
646.759,77577.700000,77585.548633
647.082,77586.700000,77594.375696
647.582,77598.100000,77605.950935
647.893,77615.700000,77623.297990
648.086,77626.600000,77634.346072
648.586,77633.400000,77641.147451
649.086,77651.000000,77658.714963
649.544,77668.600000,77676.375542
649.971,77684.700000,77692.383588
650.471,77699.700000,77707.520632
650.971,77717.300000,77724.927324
651.471,77734.800000,77742.661798
651.717,77752.400000,77760.050400
651.832,77761.100000,77768.784452
652.066,77765.100000,77772.848559
652.566,77773.300000,77781.011816
653.066,77790.900000,77798.702296
653.566,77808.500000,77816.138573
654.066,77826.100000,77834.024720
654.566,77843.700000,77851.144586
655.066,77861.200000,77869.443873
655.352,77878.900000,77886.325897
655.518,77889.000000,77896.702985
655.858,77894.800000,77902.584507
656.358,77906.700000,77914.375693
656.858,77924.300000,77932.155489
657.358,77941.900000,77949.452198
657.858,77959.400000,77967.482116
658.324,77977.000000,77984.190453
658.524,77993.300000,78001.011195
658.7,78000.200000,78007.945591
659.2,78006.300000,78014.055458
659.7,78023.900000,78031.635609
660.2,78041.500000,78049.266712
660.7,78059.000000,78066.717151
661.2,78076.600000,78084.373720
661.528,78094.100000,78101.755963
661.773,78105.700000,78113.471043
662.096,78114.200000,78121.920971
662.596,78125.600000,78133.390342
663.096,78143.100000,78150.751771
663.428,78160.700000,78168.454337
663.859,78172.300000,78180.034283
664.359,78187.400000,78195.169658
664.859,78205.000000,78212.686151
665.359,78222.500000,78230.344941
665.859,78240.100000,78247.674982
666.359,78257.600000,78265.615446
666.859,78275.200000,78282.498613
667.359,78292.600000,78301.109990
667.687,78310.300000,78317.465211
667.879,78321.900000,78329.653813
668.075,78328.500000,78336.237345
668.556,78335.400000,78343.164183
669.056,78352.200000,78359.906066
669.556,78369.700000,78377.518115
670.056,78387.300000,78394.898880
670.556,78404.800000,78412.792766
671.056,78422.400000,78429.692946
671.398,78439.800000,78447.903543
671.603,78451.700000,78459.383326
671.752,78459.000000,78466.726159
672.252,78464.200000,78471.978602
672.752,78481.700000,78489.386448
673.252,78499.200000,78507.032617
673.752,78516.800000,78524.345680
674.11,78534.200000,78542.103620
674.61,78546.800000,78554.193304
674.953,78564.200000,78572.239835
675.277,78576.200000,78583.670102
675.506,78587.500000,78595.304619
676.006,78595.500000,78603.135982
676.506,78613.000000,78620.931831
677.006,78630.500000,78637.937062
677.466,78648.000000,78656.138378
677.693,78664.100000,78671.710961
677.873,78672.100000,78679.842875
678.16,78678.400000,78686.126634
678.386,78688.400000,78696.127253
678.886,78696.400000,78704.171223
679.265,78713.900000,78721.532088
679.631,78727.100000,78734.958846
680.131,78739.900000,78747.454266
680.631,78757.300000,78765.373360
681.131,78774.900000,78782.086985
681.571,78792.300000,78800.817029
681.826,78807.800000,78815.245560
682.01,78816.800000,78824.541404
682.363,78823.200000,78830.946629
682.863,78835.500000,78843.239472
683.363,78853.000000,78860.715288
683.863,78870.500000,78878.293432
684.363,78888.000000,78895.662782
684.779,78905.500000,78913.185123
684.966,78919.900000,78927.615389
685.185,78926.500000,78934.254333
685.685,78934.100000,78941.830118
686.185,78951.600000,78959.301680
686.667,78969.000000,78976.818263
687.063,78985.900000,78993.405416
687.293,78999.700000,79007.502842
687.781,79007.700000,79015.359267
688.281,79024.700000,79032.582840
688.781,79042.200000,79049.718358
689.281,79059.600000,79067.641377
689.664,79077.100000,79084.528473
690.138,79090.500000,79098.718717
690.491,79107.100000,79114.409907
690.785,79119.500000,79127.497857
691.119,79129.700000,79137.245607
691.463,79141.400000,79149.274451
691.691,79153.400000,79161.095332
692.114,79161.300000,79169.111812
692.614,79176.100000,79183.734116
693.114,79193.600000,79201.466113
693.382,79211.000000,79218.631941
693.874,79220.400000,79228.298377
694.24,79237.600000,79245.162335
694.654,79250.400000,79258.374048
695.154,79264.900000,79272.259326
695.647,79282.200000,79290.496443
695.925,79299.500000,79306.953245
696.188,79309.300000,79317.148798
696.617,79318.400000,79326.010954
697.117,79333.400000,79341.376623
697.617,79350.900000,79358.253207
698.087,79368.200000,79376.525705
698.456,79384.700000,79391.869150
698.68,79397.600000,79405.434162
698.855,79405.300000,79413.048902
699.355,79411.400000,79419.120360
699.855,79428.800000,79436.585877
700.3,79446.300000,79453.916560
700.61,79461.700000,79469.513682
701.11,79472.500000,79480.131451
701.61,79489.900000,79497.802580
702.11,79508.000000,79515.482040
702.61,79526.300000,79534.449185
702.845,79544.700000,79552.259851
703.123,79553.400000,79561.186232
703.313,79563.500000,79571.235366
703.566,79570.500000,79578.163543
703.851,79579.700000,79587.479640
704.351,79590.100000,79597.774166
704.672,79608.500000,79616.200604
705.042,79620.200000,79627.982887
705.542,79633.700000,79641.385892
705.903,79652.000000,79659.669816
706.1,79665.200000,79672.938640
706.6,79672.400000,79680.105804
707.1,79690.700000,79698.518572
707.6,79709.000000,79716.623328
708.1,79727.300000,79735.250912
708.525,79745.700000,79753.110672
708.782,79761.200000,79769.053326
709.169,79770.500000,79778.123266
709.402,79784.700000,79792.370689
709.609,79793.200000,79800.948148
710.109,79800.700000,79808.432379
710.435,79819.000000,79826.643647
710.616,79830.900000,79838.633748
711.116,79837.500000,79845.200892
711.353,79855.800000,79863.467394
711.517,79864.400000,79872.136181
711.972,79870.400000,79878.154550
712.472,79887.000000,79894.730205
712.972,79905.300000,79913.065843
713.472,79923.600000,79931.294421
713.761,79941.900000,79949.565323
713.886,79952.400000,79960.091261
714.161,79957.000000,79964.756198
714.62,79967.100000,79974.831727
715.12,79983.800000,79991.558799
715.62,80002.100000,80009.813027
716.12,80020.400000,80028.195885
716.62,80038.700000,80046.330373
716.909,80056.900000,80064.616500
717.212,80067.500000,80075.255888
717.712,80078.600000,80086.305828
718.212,80096.800000,80104.588675
718.712,80115.100000,80122.752994
719.003,80133.300000,80140.979374
719.13,80143.900000,80151.601082
719.342,80148.500000,80156.244488
719.709,80156.300000,80164.036902
720.209,80169.700000,80177.399705
720.55,80187.900000,80195.634885
720.952,80200.400000,80208.153133
721.452,80215.100000,80222.824459
721.952,80233.300000,80241.068730
722.366,80251.600000,80259.232902
722.557,80266.700000,80274.384624
722.999,80273.600000,80281.362966
723.47,80289.700000,80297.408469
723.97,80306.900000,80314.631243
724.47,80325.200000,80332.962652
724.97,80343.400000,80351.091093
725.47,80361.700000,80369.529991
725.97,80379.900000,80387.487141
726.47,80398.100000,80406.106442
726.97,80416.500000,80423.782563
727.425,80434.600000,80443.020501
727.737,80451.300000,80458.555387
727.938,80462.700000,80470.480654
728.233,80470.000000,80477.716993
728.733,80480.700000,80488.469895
729.133,80499.000000,80506.646659
729.487,80513.500000,80521.323675
729.951,80526.500000,80534.097674
730.422,80543.400000,80551.347659
730.78,80560.600000,80568.106491
731.28,80573.600000,80581.729599
731.78,80591.900000,80598.983554
732.074,80610.000000,80618.030821
732.321,80620.600000,80628.174145
732.497,80629.600000,80637.332740
732.997,80636.000000,80643.746982
733.497,80654.200000,80661.918252
733.997,80672.400000,80680.171203
734.497,80690.600000,80698.256658
734.997,80708.800000,80716.669000
735.497,80727.100000,80734.606095
735.997,80745.200000,80753.342934
736.478,80763.600000,80770.686893
736.83,80780.900000,80789.236118
737.053,80793.700000,80801.303667
737.245,80802.000000,80809.724019
737.686,80808.900000,80816.655320
738.186,80825.000000,80832.709364
738.686,80843.200000,80850.979569
739.186,80861.400000,80869.073435
739.451,80879.600000,80887.146128
739.581,80889.200000,80896.883051
740.081,80893.900000,80901.739537
740.581,80912.100000,80919.657590
741.081,80930.200000,80938.251613
741.581,80948.500000,80955.698753
741.991,80966.600000,80975.009308
742.246,80981.500000,80988.964410
742.423,80990.900000,80998.616413
742.923,80997.300000,81005.060808
743.423,81015.500000,81023.141877
743.765,81033.700000,81041.488971
744.265,81046.100000,81053.705634
744.59,81064.200000,81071.995519
745.09,81076.000000,81083.590735
745.451,81094.200000,81102.045475
745.882,81107.300000,81114.897085
746.345,81122.900000,81130.800055
746.668,81139.800000,81147.390622
747.168,81151.500000,81159.424096
747.616,81169.700000,81177.169843
748.116,81185.900000,81194.063964
748.616,81204.200000,81211.217954
748.903,81222.200000,81230.299894
749.114,81232.500000,81240.161239
749.235,81240.200000,81247.891611
749.526,81244.600000,81252.352666
749.916,81255.200000,81262.923539
750.416,81269.300000,81277.055057
750.916,81287.500000,81295.183196
751.416,81305.700000,81313.526971
751.916,81323.800000,81331.353213
752.296,81342.000000,81349.898910
752.796,81355.800000,81363.164960
753.085,81373.800000,81381.731588
753.481,81384.200000,81391.680763
753.765,81398.600000,81406.459379
754.187,81408.900000,81416.484738
754.687,81424.200000,81432.210430
755.187,81442.400000,81449.666149
755.687,81460.400000,81468.962376
755.93,81478.700000,81486.110917
756.085,81487.700000,81495.379745
756.323,81493.300000,81501.057956
756.542,81501.900000,81509.568065
756.767,81509.800000,81517.550505
757.267,81518.000000,81525.713016
757.767,81536.100000,81543.827284
758.193,81554.200000,81561.937052
758.693,81569.700000,81577.365170
759.071,81587.800000,81595.595629
759.571,81601.500000,81609.137438
760.071,81619.600000,81627.511438
760.571,81637.800000,81645.231266
760.928,81655.900000,81663.853127
761.16,81668.800000,81676.471703
761.381,81677.200000,81684.936935
761.652,81685.200000,81692.933339
762.152,81695.000000,81702.743316
762.652,81713.200000,81720.888570
763.073,81731.300000,81739.071734
763.381,81746.600000,81754.273286
763.686,81757.700000,81765.477709
764.032,81768.800000,81776.470708
764.282,81781.300000,81789.031721
764.554,81790.300000,81798.041088
765.054,81800.200000,81807.929461
765.554,81818.300000,81826.052411
766.054,81836.400000,81844.071755
766.311,81854.500000,81862.163826
766.473,81863.800000,81871.528921
766.973,81869.600000,81877.330254
767.366,81887.700000,81895.392455
767.717,81902.000000,81909.771184
768.217,81914.700000,81922.347353
768.717,81932.700000,81940.552081
768.987,81950.900000,81958.497874
769.304,81960.700000,81968.527549
769.804,81972.100000,81979.682876
770.304,81990.200000,81998.183287
770.804,82008.400000,82015.713840
771.261,82026.400000,82034.732416
771.616,82043.000000,82050.152741
771.788,82055.800000,82063.456763
771.883,82061.900000,82069.587172
772.383,82065.300000,82073.070668
772.684,82083.400000,82091.054819
772.87,82094.300000,82102.020012
773.202,82101.000000,82108.751184
773.419,82113.000000,82120.639544
773.577,82120.900000,82128.621887
773.914,82126.600000,82134.327109
774.141,82138.800000,82146.493146
774.641,82147.000000,82154.690151
774.925,82165.000000,82172.729792
775.425,82175.200000,82182.926796
775.925,82193.300000,82200.971974
776.252,82211.400000,82219.154979
776.752,82223.200000,82230.895734
777.252,82241.300000,82249.109772
777.752,82259.400000,82267.007927
778.212,82277.400000,82285.260297
778.435,82294.000000,82301.644119
778.685,82302.100000,82309.865811
779.1,82311.100000,82318.797631
779.6,82326.100000,82333.842230
780.066,82344.200000,82351.917484
780.566,82361.000000,82368.723139
781.066,82379.100000,82386.837461
781.552,82397.100000,82404.795471
782.044,82414.700000,82422.487820
782.544,82432.500000,82440.133377
783.044,82450.500000,82458.408385
783.544,82468.600000,82476.030669
784.032,82486.600000,82494.834347
784.341,82504.300000,82511.656416
784.577,82515.500000,82523.342548
784.848,82524.000000,82531.669615
785.348,82533.800000,82541.635895
785.606,82551.800000,82559.372610
785.765,82561.100000,82568.815276
786.265,82566.900000,82574.673014
786.765,82584.900000,82592.570344
787.265,82603.000000,82610.841053
787.765,82621.000000,82628.552482
788.265,82639.000000,82647.041563
788.765,82657.200000,82664.399188
789.234,82675.100000,82683.683971
789.457,82692.100000,82699.596960
789.616,82700.300000,82707.990837
789.767,82706.000000,82713.721554
790.019,82711.500000,82719.239574
790.519,82720.500000,82728.223545
790.876,82738.600000,82746.246617
791.376,82751.400000,82759.260875
791.749,82769.500000,82777.054237
792.249,82782.900000,82790.948139
792.749,82801.000000,82808.200659
793.181,82818.900000,82827.345224
793.402,82834.600000,82842.154237
793.58,82842.700000,82850.431659
794.08,82849.000000,82856.746015
794.423,82867.100000,82874.656873
794.588,82879.400000,82887.108289
795.085,82885.300000,82893.018274
795.356,82903.200000,82910.879987
795.74,82912.900000,82920.689591
796.24,82926.800000,82934.443396
796.74,82944.800000,82952.688487
797.209,82962.800000,82970.248514
797.709,82979.700000,82987.861095
797.945,82997.800000,83005.353104
798.096,83006.300000,83014.000200
798.289,83011.700000,83019.426746
798.661,83018.700000,83026.445115
799.161,83032.100000,83039.811683
799.661,83050.100000,83057.826028
799.884,83068.100000,83075.722700
800.243,83076.100000,83083.871073
800.61,83089.000000,83096.698143
801.11,83102.200000,83109.951600
801.61,83120.200000,83127.905115
802.11,83138.200000,83145.958605
802.38,83156.200000,83163.820570
802.753,83165.900000,83173.721415
803.253,83179.300000,83186.879726
803.753,83197.300000,83205.255879
804.253,83215.300000,83222.588046
804.753,83233.200000,83241.687836
805.052,83251.300000,83258.539456
805.234,83262.200000,83269.910318
805.492,83268.600000,83276.289290
805.992,83277.900000,83285.677625
806.379,83295.800000,83303.443959
806.879,83309.700000,83317.593878
807.379,83327.800000,83335.235993
807.686,83345.700000,83353.565291
807.895,83356.700000,83364.408628
808.367,83364.200000,83371.975199
808.544,83381.200000,83388.910336
